Workbook

Sheet PUNTUALIDAD
A1: no. de nomina | B1: id | C1: id_servicio | D1: des | E1: Tipo de Viaje | F1: ID Ruta | G1: car | H1: shift | I1: group | J1: start_date | K1: start_time | L1: start_eta | M1: start_status | N1: end_date | O1: end_time | P1: end_eta | Q1: end_status | R1: operador | S1: Sem Via | T1: SALIDA | U1: LLEGADA | V1: Estatus Salida | W1: Estatus Llegada | X1: Estatus | Y1: Semana | Z1: Puntualidad | AA1: concat | AB1: supervisor2 | AC1: gte | AD1: CONCAT2 | AE1: ID Ruta | AF1: Turno | AG1: Dashtrax
A2: 14118625 | B2: 175447629 | C2: E-MOL-T1-R0010 | D2: Tlaquepaque 1 | E2: N | F2: 10 | G2: 13294 | H2: IN | I2: MOLEX | J2: 46236 | K2: 0.19097222 | L2: 0.19513889 | M2: done | N2: 46236 | O2: 0.26041667 | P2: 0.26052083 | Q2: done | R2: GUTIERREZ ROSALES ABNER ABRAHAM | S2: 32 | T2: 0.0041666667 | U2: 0.00010416667 | V2: Inicia tarde | W2: Llega a Tiempo | X2: Inicia tarde-Llega a Tiempo | Y2: 32 | Z2: No | AA2: Tlaquepaque 1MOLEX | AB2: VICTOR C. | AC2: Leopoldo V. | AD2: MOLEXTlaquepaque 1 | AE2: E-MOL-R0010 | AF2: T1 | AG2: Tlaquepaque 1-R0010-04:35
A3: 14122992 | B3: 175447907 | C3: E-HER-T1-R0039 | D3: Tonala-Tateposco Dominical | E3: N | F3: 39 | G3: 15693 | H3: IN | I3: HERSHEYS | J3: 46236 | K3: 0.19097222 | L3: 0.22222222 | M3: done | N3: 46236 | O3: 0.25 | P3: 0.25949074 | Q3: done | R3: OROPEZA GARCIA FRANCISCO JAVIER | S3: 32 | T3: 0.03125 | U3: 0.0094907407 | V3: Inicia tarde | W3: Llega tarde | X3: Inicia tarde-Llega tarde | Y3: 32 | Z3: No | AA3: Tonala-Tateposco DominicalHERSHEYS | AB3: CARLOS C. | AC3: Ilse M. | AD3: HERSHEYSTonala-Tateposco Dominical | AE3: E-HER-R0039 | AF3: T1 | AG3: Tonala-Tateposco Dominical-R0039-04:35
A4: 14117400 | B4: 175446306 | C4: E-SAN-T1-R0427 | D4: Dominical Tesistan Miramar | E4: N | F4: 427 | G4: 5474 | H4: IN | I4: SANMINA GDL | J4: 46236 | K4: 0.19444444 | L4: 0.20138889 | M4: done | N4: 46236 | O4: 0.26736111 | P4: 0.27462963 | Q4: done | R4: JEUDY X WANDY | S4: 32 | T4: 0.0069444444 | U4: 0.0072685185 | V4: Inicia tarde | W4: Llega tarde | X4: Inicia tarde-Llega tarde | Y4: 32 | Z4: No | AA4: Dominical Tesistan MiramarSANMINA GDL | AB4: PABLO F. | AC4: Felipe M. | AD4: SANMINA GDLDominical Tesistan Miramar | AE4: E-SAN-R0427 | AF4: T1 | AG4: Dominical Tesistan Miramar-R0427-04:40
A5: 14118773 | B5: 175446802 | C5: E-HER-T1-R0017 | D5: Arenales | E5: N | F5: 17 | G5: 14867 | H5: IN | I5: HERSHEYS | J5: 46236 | K5: 0.19444444 | L5: 0.22152778 | M5: done | N5: 46236 | O5: 0.25 | P5: 0.26109954 | Q5: done | R5: MARTINEZ ACOSTA MARIO EDUARDO | S5: 32 | T5: 0.027083333 | U5: 0.011099537 | V5: Inicia tarde | W5: Llega tarde | X5: Inicia tarde-Llega tarde | Y5: 32 | Z5: No | AA5: ArenalesHERSHEYS | AB5: CARLOS C. | AC5: Ilse M. | AD5: HERSHEYSArenales | AE5: E-HER-R0017 | AF5: T1 | AG5: Arenales-R0017-04:40
A6: 14123920 | B6: 175449768 | C6: E-PIS-T1-R0027 | D6: Las Juntas | E6: N | F6: 27 | G6: 4432 | H6: IN | I6: PIS-PISA | J6: 46236 | K6: 0.19444444 | L6: 0.20138889 | M6: done | N6: 46236 | O6: 0.26736111 | P6: 0.25394676 | Q6: done | R6: RIQUER HERNANDEZ ERWIN ALEXI | S6: 32 | T6: 0.0069444444 | U6: -0.013414352 | V6: Inicia tarde | W6: Llega a Tiempo | X6: Inicia tarde-Llega a Tiempo | Y6: 32 | Z6: No | AA6: Las JuntasPIS-PISA | AB6: DAVID C. | AC6: Felipe M. | AD6: PIS-PISALas Juntas | AE6: E-PIS-R0027 | AF6: T1 | AG6: Las Juntas-R0027-04:40
A7: 14113803 | B7: 175449820 | C7: E-PIS-T1-R0053 | D7: Colón-Patria | E7: N | F7: 53 | G7: 4340 | H7: IN | I7: PIS-PISA | J7: 46236 | K7: 0.19791667 | L7: 0.20347222 | M7: done | N7: 46236 | O7: 0.26736111 | P7: 0.24703704 | Q7: done | R7: CASTAÑEDA GOMEZ ALEJANDRO | S7: 32 | T7: 0.0055555556 | U7: -0.020324074 | V7: Inicia tarde | W7: Llega a Tiempo | X7: Inicia tarde-Llega a Tiempo | Y7: 32 | Z7: No | AA7: Colón-PatriaPIS-PISA | AB7: DAVID C. | AC7: Felipe M. | AD7: PIS-PISAColón-Patria | AE7: E-PIS-R0053 | AF7: T1 | AG7: Colón-Patria-R0053-04:45
A8: 14119324 | B8: 175446004 | C8: E-SM4-T1-R0129 | D8: Dominical San Sebastian 2 T1 | E8: N | F8: 129 | G8: 7915 | H8: IN | I8: SANMINA TLAJOMULCO | J8: 46236 | K8: 0.20208333 | L8: 0.20763889 | M8: done | N8: 46236 | O8: 0.26736111 | P8: 0.24672454 | Q8: done | R8: GONZALEZ VACA EDGAR ARTURO | S8: 32 | T8: 0.0055555556 | U8: -0.020636574 | V8: Inicia tarde | W8: Llega a Tiempo | X8: Inicia tarde-Llega a Tiempo | Y8: 32 | Z8: No | AA8: Dominical San Sebastian 2 T1SANMINA TLAJOMULCO | AB8: CUAUHTEMOC M. | AC8: Felipe M. | AD8: SANMINA TLAJOMULCODominical San Sebastian 2 T1 | AE8: E-SM4-R0129 | AF8: T1 | AG8: Dominical San Sebastian 2 T1-R0129-04:51
A9: 14123473 | B9: 175449752 | C9: E-PIS-T1-R0019 | D9: Fuelle | E9: N | F9: 19 | G9: 6906 | H9: IN | I9: PIS-PISA | J9: 46236 | K9: 0.20486111 | L9: 0.20972222 | M9: done | N9: 46236 | O9: 0.26736111 | P9: 0.24726852 | Q9: done | R9: FREGOSO EVANGELISTA MOISES | S9: 32 | T9: 0.0048611111 | U9: -0.020092593 | V9: Inicia tarde | W9: Llega a Tiempo | X9: Inicia tarde-Llega a Tiempo | Y9: 32 | Z9: No | AA9: FuellePIS-PISA | AB9: DAVID C. | AC9: Felipe M. | AD9: PIS-PISAFuelle | AE9: E-PIS-R0019 | AF9: T1 | AG9: Fuelle-R0019-04:55
A10: 14103106 | B10: 175444891 | C10: E-SK1-T1-R0028 | D10: Juanacatlan | E10: N | F10: 28 | G10: 16733 | H10: IN | I10: SANMINA KAMPUS 16 | J10: 46236 | K10: 0.20833333 | L10: 0.21180556 | M10: done | N10: 46236 | O10: 0.26736111 | P10: 0.25478009 | Q10: done | R10: CORTES ARMENTA HERNAN | S10: 32 | T10: 0.0034722222 | U10: -0.012581019 | V10: Inicia tarde | W10: Llega a Tiempo | X10: Inicia tarde-Llega a Tiempo | Y10: 32 | Z10: No | AA10: JuanacatlanSANMINA KAMPUS 16 | AB10: BRIAN A. | AC10: Felipe M. | AD10: SANMINA KAMPUS 16Juanacatlan | AE10: E-SK1-R0028 | AF10: T1 | AG10: Juanacatlan-R0028-05:00
A11: 14123004 | B11: 175449804 | C11: E-PIS-T1-R0045 | D11: Santa Anita | E11: N | F11: 45 | G11: 4875 | H11: IN | I11: PIS-PISA | J11: 46236 | K11: 0.20833333 | L11: 0.2125 | M11: done | N11: 46236 | O11: 0.26736111 | P11: 0.25284722 | Q11: done | R11: JUAREZ FAVELA JULIO CESAR | S11: 32 | T11: 0.0041666667 | U11: -0.014513889 | V11: Inicia tarde | W11: Llega a Tiempo | X11: Inicia tarde-Llega a Tiempo | Y11: 32 | Z11: No | AA11: Santa AnitaPIS-PISA | AB11: DAVID C. | AC11: Felipe M. | AD11: PIS-PISASanta Anita | AE11: E-PIS-R0045 | AF11: T1 | AG11: Santa Anita-R0045-05:00
A12: 14116431 | B12: 175444864 | C12: E-SK1-T1-R0015 | D12: Chulavista 2 T1 | E12: N | F12: 15 | G12: 16734 | H12: IN | I12: SANMINA KAMPUS 16 | J12: 46236 | K12: 0.21180556 | L12: 0.21597222 | M12: done | N12: 46236 | O12: 0.26736111 | P12: 0.25327546 | Q12: done | R12: JARAMILLO SANCHEZ MARCO ESTEBA | S12: 32 | T12: 0.0041666667 | U12: -0.014085648 | V12: Inicia tarde | W12: Llega a Tiempo | X12: Inicia tarde-Llega a Tiempo | Y12: 32 | Z12: No | AA12: Chulavista 2 T1SANMINA KAMPUS 16 | AB12: BRIAN A. | AC12: Felipe M. | AD12: SANMINA KAMPUS 16Chulavista 2 T1 | AE12: E-SK1-R0015 | AF12: T1 | AG12: Chulavista 2 T1-R0015-05:05
A13: 14120807 | B13: 175449756 | C13: E-PIS-T1-R0021 | D13: La Fortuna | E13: N | F13: 21 | G13: 4163 | H13: IN | I13: PIS-PISA | J13: 46236 | K13: 0.21180556 | L13: 0.21875 | M13: done | N13: 46236 | O13: 0.26736111 | P13: 0.24600694 | Q13: done | R13: MARTINEZ AGUIRRE BRAYAN ALEJAN | S13: 32 | T13: 0.0069444444 | U13: -0.021354167 | V13: Inicia tarde | W13: Llega a Tiempo | X13: Inicia tarde-Llega a Tiempo | Y13: 32 | Z13: No | AA13: La FortunaPIS-PISA | AB13: DAVID C. | AC13: Felipe M. | AD13: PIS-PISALa Fortuna | AE13: E-PIS-R0021 | AF13: T1 | AG13: La Fortuna-R0021-05:05
... A21: 14122904 | B21: 175443911 | C21: E-PEP-T1-R0049 | D21: Moctezuma Santa Rita | E21: N | F21: 49 | G21: 4487 | H21: IN | I21: PEPSICO GDL | J21: 46236 | K21: 0.23958333 | L21: 0.24652778 | M21: done | N21: 46236 | O21: 0.27083333 | P21: 0.26416667 | Q21: done | R21: TEJEDA MARTINEZ JOSE MANUEL | S21: 32 | T21: 0.0069444444 | U21: -0.0066666667 | V21: Inicia tarde | W21: Llega a Tiempo | X21: Inicia tarde-Llega a Tiempo | Y21: 32 | Z21: No | AA21: Moctezuma Santa RitaPEPSICO GDL | AB21: DANIEL | AC21: Leopoldo V. | AD21: PEPSICO GDLMoctezuma Santa Rita | AE21: E-PEP-R0049 | AF21: T1 | AG21: Moctezuma Santa Rita-R0049-05:45
B22: 175444825 | C22: E-PAQ-T1-R0003 | D22: Lopez Mateos Fin de semana | E22: N | F22: 3 | G22: 4392 | H22: IN | I22: PAQUETEXPRESS GDL | J22: 46236 | K22: 0.24513889 | L22: 0.25486111 | M22: done | N22: 46236 | O22: 0.29166667 | P22: 0.28525463 | Q22: done | R22: P.CURIEL HERNANDEZ EMMANUEL | S22: 32 | T22: 0.0097222222 | U22: -0.006412037 | V22: Inicia tarde | W22: Llega a Tiempo | X22: Inicia tarde-Llega a Tiempo | Y22: 32 | Z22: No | AA22: Lopez Mateos Fin de semanaPAQUETEXPRESS GDL | AB22: DAVID D. | AC22: Leopoldo V. | AD22: PAQUETEXPRESS GDLLopez Mateos Fin de semana | AE22: E-PAQ-R0003 | AF22: T1 | AG22: Lopez Mateos Fin de semana-R0003-05:53
A23: 14120196 | B23: 175449506 | C23: E-FOX-T1-R0102 | D23: El Zapote | E23: N | F23: 102 | G23: 14680 | H23: IN | I23: FOXCONN | J23: 46236 | K23: 0.24652778 | L23: 0.25416667 | M23: done | N23: 46236 | O23: 0.28125 | P23: 0.27806713 | Q23: done | R23: ALENCASTRO GARCIA FELIPE | S23: 32 | T23: 0.0076388889 | U23: -0.0031828704 | V23: Inicia tarde | W23: Llega a Tiempo | X23: Inicia tarde-Llega a Tiempo | Y23: 32 | Z23: No | AA23: El ZapoteFOXCONN | AB23: DIEGOVO. | AC23: Leopoldo V. | AD23: FOXCONNEl Zapote | AE23: E-FOX-R0102 | AF23: T1 | AG23: El Zapote-R0102-05:55
A24: 14123471 | B24: 175450024 | C24: E-FOX-T1-R0129 | D24: Las Huertas | E24: N | F24: 129 | G24: 5674 | H24: IN | I24: FOXCONN | J24: 46236 | K24: 0.24722222 | L24: 0.25069444 | M24: done | N24: 46236 | O24: 0.28125 | P24: 0.27291667 | Q24: done | R24: NUÑEZ ROSALES REYNALDO | S24: 32 | T24: 0.0034722222 | U24: -0.0083333333 | V24: Inicia tarde | W24: Llega a Tiempo | X24: Inicia tarde-Llega a Tiempo | Y24: 32 | Z24: No | AA24: Las HuertasFOXCONN | AB24: CANDELAS | AC24: Leopoldo V. | AD24: FOXCONNLas Huertas | AE24: E-FOX-R0129 | AF24: T1 | AG24: Las Huertas-R0129-05:56
A25: 14122136 | B25: 175448953 | C25: E-FOX-T1-R0086 | D25: Las Villas | E25: N | F25: 86 | G25: 16740 | H25: IN | I25: FOXCONN | J25: 46236 | K25: 0.25 | L25: 0.25972222 | M25: done | N25: 46236 | O25: 0.28125 | P25: 0.28174769 | Q25: done | R25: SEGOVIA AVILA RAUL | S25: 32 | T25: 0.0097222222 | U25: 0.00049768519 | V25: Inicia tarde | W25: Llega a Tiempo | X25: Inicia tarde-Llega a Tiempo | Y25: 32 | Z25: No | AA25: Las VillasFOXCONN | AB25: DIEGOVO. | AC25: Leopoldo V. | AD25: FOXCONNLas Villas | AE25: E-FOX-R0086 | AF25: T1 | AG25: Las Villas-R0086-06:00
A26: 14121152 | B26: 175447897 | C26: E-PAQ-T1-R0031 | D26: Villa Corona. | E26: N | F26: 31 | G26: 13011 | H26: IN | I26: PAQUETEXPRESS GDL | J26: 46236 | K26: 0.26388889 | L26: 0.29027778 | M26: done | N26: 46236 | O26: 0.29166667 | P26: 0.31319444 | Q26: done | R26: CONTRERAS CRUZ LUCINO | S26: 32 | T26: 0.026388889 | U26: 0.021527778 | V26: Inicia tarde | W26: Llega tarde | X26: Inicia tarde-Llega tarde | Y26: 32 | Z26: No | AA26: Villa Corona.PAQUETEXPRESS GDL | AB26: DAVID D. | AC26: Leopoldo V. | AD26: PAQUETEXPRESS GDLVilla Corona. | AE26: E-PAQ-R0031 | AF26: T1 | AG26: Villa Corona.-R0031-06:20
A27: 14119018 | B27: 175441266 | C27: E-PEP-T2-R0001 | D27: Moctezuma Santa Fe | E27: N | F27: 1 | G27: 10363 | H27: IN | I27: PEPSICO GDL | J27: 46236 | K27: 0.52083333 | L27: 0.52708333 | M27: done | N27: 46236 | O27: 0.60416667 | P27: 0.57659722 | Q27: done | R27: NUNGARAY BUENROSTRO SALVADOR | S27: 32 | T27: 0.00625 | U27: -0.027569444 | V27: Inicia tarde | W27: Llega a Tiempo | X27: Inicia tarde-Llega a Tiempo | Y27: 32 | Z27: No | AA27: Moctezuma Santa FePEPSICO GDL | AB27: DANIEL | AC27: Leopoldo V. | AD27: PEPSICO GDLMoctezuma Santa Fe | AE27: E-PEP-R0001 | AF27: T2 | AG27: Moctezuma Santa Fe-R0001-12:30
A28: 14118773 | B28: 175446803 | C28: E-HER-T2-R0017 | D28: Arenales | E28: N | F28: 17 | G28: 14867 | H28: IN | I28: HERSHEYS | J28: 46236 | K28: 0.52083333 | L28: 0.53472222 | M28: done | N28: 46236 | O28: 0.60416667 | P28: 0.5859375 | Q28: done | R28: MARTINEZ ACOSTA MARIO EDUARDO | S28: 32 | T28: 0.013888889 | U28: -0.018229167 | V28: Inicia tarde | W28: Llega a Tiempo | X28: Inicia tarde-Llega a Tiempo | Y28: 32 | Z28: No | AA28: ArenalesHERSHEYS | AB28: CARLOS C. | AC28: Ilse M. | AD28: HERSHEYSArenales | AE28: E-HER-R0017 | AF28: T2 | AG28: Arenales-R0017-12:30
A29: 14108222 | B29: 175444883 | C29: E-SK1-T2-R0025 | D29: Juan Pablo II | E29: N | F29: 25 | G29: 13844 | H29: IN | I29: SANMINA KAMPUS 16 | J29: 46236 | K29: 0.53125 | L29: 0.5375 | M29: done | N29: 46236 | O29: 0.60069444 | P29: 0.576875 | Q29: done | R29: TELLES PADILLA JOSE MANUEL | S29: 32 | T29: 0.00625 | U29: -0.023819444 | V29: Inicia tarde | W29: Llega a Tiempo | X29: Inicia tarde-Llega a Tiempo | Y29: 32 | Z29: No | AA29: Juan Pablo IISANMINA KAMPUS 16 | AB29: BRIAN A. | AC29: Felipe M. | AD29: SANMINA KAMPUS 16Juan Pablo II | AE29: E-SK1-R0025 | AF29: T2 | AG29: Juan Pablo II-R0025-12:45
A30: 14115536 | B30: 175450862 | C30: E-SAN-T2-R0504 | D30: Dominical Zapopan | E30: N | F30: 504 | G30: 5719 | H30: IN | I30: SANMINA GDL | J30: 46236 | K30: 0.53125 | L30: 0.5375 | M30: done | N30: 46236 | O30: 0.60069444 | P30: 0.59648148 | Q30: done | R30: VILLAGRAN PEREZ ARMANDO | S30: 32 | T30: 0.00625 | U30: -0.004212963 | V30: Inicia tarde | W30: Llega a Tiempo | X30: Inicia tarde-Llega a Tiempo | Y30: 32 | Z30: No | AA30: Dominical ZapopanSANMINA GDL | AB30: PABLO F. | AC30: Felipe M. | AD30: SANMINA GDLDominical Zapopan | AE30: E-SAN-R0504 | AF30: T2 | AG30: Dominical Zapopan-R0504-12:45
A31: 14115244 | B31: 175447438 | C31: E-AXL-T2-R0008 | D31: Centro Sur Fin de Semana | E31: N | F31: 8 | G31: 13044 | H31: IN | I31: AXIONLOG GDL | J31: 46236 | K31: 0.53472222 | L31: 0.54930556 | M31: done | N31: 46236 | O31: 0.59027778 | P31: 0.57986111 | Q31: done | R31: ANDALON ALVAREZ JOSE EUGENIO | S31: 32 | T31: 0.014583333 | U31: -0.010416667 | V31: Inicia tarde | W31: Llega a Tiempo | X31: Inicia tarde-Llega a Tiempo | Y31: 32 | Z31: No | AA31: Centro Sur Fin de SemanaAXIONLOG GDL | AB31: DAVID M | AC31: Ilse M. | AD31: AXIONLOG GDLCentro Sur Fin de Semana | AE31: E-AXL-R0008 | AF31: T2 | AG31: Centro Sur Fin de Semana-R0008-12:50
A32: 14103106 | B32: 175444892 | C32: E-SK1-T2-R0028 | D32: Juanacatlan | E32: N | F32: 28 | G32: 16733 | H32: IN | I32: SANMINA KAMPUS 16 | J32: 46236 | K32: 0.53958333 | L32: 0.54305556 | M32: done | N32: 46236 | O32: 0.60069444 | P32: 0.58434028 | Q32: done | R32: CORTES ARMENTA HERNAN | S32: 32 | T32: 0.0034722222 | U32: -0.016354167 | V32: Inicia tarde | W32: Llega a Tiempo | X32: Inicia tarde-Llega a Tiempo | Y32: 32 | Z32: No | AA32: JuanacatlanSANMINA KAMPUS 16 | AB32: BRIAN A. | AC32: Felipe M. | AD32: SANMINA KAMPUS 16Juanacatlan | AE32: E-SK1-R0028 | AF32: T2 | AG32: Juanacatlan-R0028-12:57
A33: 14106438 | B33: 175445479 | C33: E-PAQ-T2-R0018 | D33: 8 de Julio Fin de Semana | E33: N | F33: 18 | G33: 7005 | H33: IN | I33: PAQUETEXPRESS GDL | J33: 46236 | K33: 0.54166667 | L33: 0.54861111 | M33: done | N33: 46236 | O33: 0.58333333 | P33: 0.58267361 | Q33: done | R33: GAYTAN PINEDO CARLOS ENRIQUE | S33: 32 | T33: 0.0069444444 | U33: -0.00065972222 | V33: Inicia tarde | W33: Llega a Tiempo | X33: Inicia tarde-Llega a Tiempo | Y33: 32 | Z33: No | AA33: 8 de Julio Fin de SemanaPAQUETEXPRESS GDL | AB33: DAVID D. | AC33: Leopoldo V. | AD33: PAQUETEXPRESS GDL8 de Julio Fin de Semana | AE33: E-PAQ-R0018 | AF33: T2 | AG33: 8 de Julio Fin de Semana-R0018-13:00
A34: 14100731 | B34: 175446304 | C34: E-SAN-T2-R0425 | D34: Dominical Jauja-San pedrito T1 y T2 | E34: N | F34: 425 | G34: 16743 | H34: IN | I34: SANMINA GDL | J34: 46236 | K34: 0.54166667 | L34: 0.54791667 | M34: done | N34: 46236 | O34: 0.60069444 | P34: 0.58821759 | Q34: done | R34: TABARES FLORES OSCAR ALEJAND | S34: 32 | T34: 0.00625 | U34: -0.012476852 | V34: Inicia tarde | W34: Llega a Tiempo | X34: Inicia tarde-Llega a Tiempo | Y34: 32 | Z34: No | AA34: Dominical Jauja-San pedrito T1 y T2SANMINA GDL | AB34: PABLO F. | AC34: Felipe M. | AD34: SANMINA GDLDominical Jauja-San pedrito T1 y T2 | AE34: E-SAN-R0425 | AF34: T2 | AG34: Dominical Jauja-San pedrito T1 y T2-R0425-13:00
... A36: 14116431 | B36: 175495154 | C36: E-SK1-T2-R0091 | D36: San Sebastian | E36: N | F36: 91 | G36: 6352 | H36: IN | I36: SANMINA KAMPUS 16 | J36: 46236 | K36: 0.54166667 | L36: 0.55 | M36: done | N36: 46236 | O36: 0.60069444 | P36: 0.58888889 | Q36: done | R36: JARAMILLO SANCHEZ MARCO ESTEBA | S36: 32 | T36: 0.0083333333 | U36: -0.011805556 | V36: Inicia tarde | W36: Llega a Tiempo | X36: Inicia tarde-Llega a Tiempo | Y36: 32 | Z36: No | AA36: San SebastianSANMINA KAMPUS 16 | AB36: BRIAN A. | AC36: Felipe M. | AD36: SANMINA KAMPUS 16San Sebastian | AE36: E-SK1-R0091 | AF36: T2 | AG36: San Sebastian-R0091-13:00
A37: 14100718 | B37: 175446027 | C37: E-SM4-T2-R0140 | D37: Dominical Lomas de San Agustin | E37: N | F37: 140 | G37: 6782 | H37: IN | I37: SANMINA TLAJOMULCO | J37: 46236 | K37: 0.54513889 | L37: 0.66597222 | M37: done | N37: 46236 | O37: 0.60069444 | Q37: start | R37: MARTINEZ OCHOA PAULO | S37: 32 | T37: 0.12083333 | U37: -0.60069444 | V37: Inicia tarde | W37: Llega a Tiempo | X37: Inicia tarde-Llega a Tiempo | Y37: 32 | Z37: No | AA37: Dominical Lomas de San AgustinSANMINA TLAJOMULCO | AB37: CUAUHTEMOC M. | AC37: Felipe M. | AD37: SANMINA TLAJOMULCODominical Lomas de San Agustin | AE37: E-SM4-R0140 | AF37: T2 | AG37: Dominical Lomas de San Agustin-R0140-13:05
A38: 14120925 | B38: 175446016 | C38: E-SM4-T2-R0134 | D38: Dominical Parques de Santa Cruz | E38: N | F38: 134 | G38: 5530 | H38: IN | I38: SANMINA TLAJOMULCO | J38: 46236 | K38: 0.55208333 | L38: 0.5625 | M38: done | N38: 46236 | O38: 0.60069444 | P38: 0.60166667 | Q38: done | R38: RODRIGUEZ LOPEZ ANGEL ALBERTO | S38: 32 | T38: 0.010416667 | U38: 0.00097222222 | V38: Inicia tarde | W38: Llega a Tiempo | X38: Inicia tarde-Llega a Tiempo | Y38: 32 | Z38: No | AA38: Dominical Parques de Santa CruzSANMINA TLAJOMULCO | AB38: CUAUHTEMOC M. | AC38: Felipe M. | AD38: SANMINA TLAJOMULCODominical Parques de Santa Cruz | AE38: E-SM4-R0134 | AF38: T2 | AG38: Dominical Parques de Santa Cruz-R0134-13:15
A39: 14123312 | B39: 175449441 | C39: E-FOX-T2-R0096 | D39: Patria | E39: N | F39: 96 | G39: 6901 | H39: IN | I39: FOXCONN | J39: 46236 | K39: 0.5625 | L39: 0.58125 | M39: done | N39: 46236 | O39: 0.61458333 | P39: 0.59929398 | Q39: done | R39: MENDOZA OLIVA JESUS DE LOS REYES | S39: 32 | T39: 0.01875 | U39: -0.015289352 | V39: Inicia tarde | W39: Llega a Tiempo | X39: Inicia tarde-Llega a Tiempo | Y39: 32 | Z39: No | AA39: PatriaFOXCONN | AB39: CANDELAS | AC39: Leopoldo V. | AD39: FOXCONNPatria | AE39: E-FOX-R0096 | AF39: T2 | AG39: Patria-R0096-13:30
A40: 14118625 | B40: 175447630 | C40: E-MOL-T2-R0010 | D40: Tlaquepaque 1 | E40: N | F40: 10 | G40: 13294 | H40: IN | I40: MOLEX | J40: 46236 | K40: 0.66319444 | L40: 0.66736111 | M40: done | N40: 46236 | O40: 0.76041667 | P40: 0.73696759 | Q40: done | R40: GUTIERREZ ROSALES ABNER ABRAHAM | S40: 32 | T40: 0.0041666667 | U40: -0.023449074 | V40: Inicia tarde | W40: Llega a Tiempo | X40: Inicia tarde-Llega a Tiempo | Y40: 32 | Z40: No | AA40: Tlaquepaque 1MOLEX | AB40: VICTOR C. | AC40: Leopoldo V. | AD40: MOLEXTlaquepaque 1 | AE40: E-MOL-R0010 | AF40: T2 | AG40: Tlaquepaque 1-R0010-15:55
A41: 14123473 | B41: 175449753 | C41: E-PIS-T2-R0019 | D41: Fuelle | E41: N | F41: 19 | G41: 6906 | H41: IN | I41: PIS-PISA | J41: 46236 | K41: 0.68402778 | L41: 0.6875 | M41: done | N41: 46236 | O41: 0.76736111 | P41: 0.73140046 | Q41: done | R41: FREGOSO EVANGELISTA MOISES | S41: 32 | T41: 0.0034722222 | U41: -0.035960648 | V41: Inicia tarde | W41: Llega a Tiempo | X41: Inicia tarde-Llega a Tiempo | Y41: 32 | Z41: No | AA41: FuellePIS-PISA | AB41: DAVID C. | AC41: Felipe M. | AD41: PIS-PISAFuelle | AE41: E-PIS-R0019 | AF41: T2 | AG41: Fuelle-R0019-16:25
A42: 14123462 | B42: 175449797 | C42: E-PIS-T2-R0041 | D42: Parques del Palmar | E42: N | F42: 41 | G42: 4778 | H42: IN | I42: PIS-PISA | J42: 46236 | K42: 0.68402778 | L42: 0.6875 | M42: done | N42: 46236 | O42: 0.76736111 | P42: 0.73680556 | Q42: done | R42: CID CANCHOLA MARIO ALBERTO | S42: 32 | T42: 0.0034722222 | U42: -0.030555556 | V42: Inicia tarde | W42: Llega a Tiempo | X42: Inicia tarde-Llega a Tiempo | Y42: 32 | Z42: No | AA42: Parques del PalmarPIS-PISA | AB42: DAVID C. | AC42: Felipe M. | AD42: PIS-PISAParques del Palmar | AE42: E-PIS-R0041 | AF42: T2 | AG42: Parques del Palmar-R0041-16:25
A43: 14123004 | B43: 175449805 | C43: E-PIS-T2-R0045 | D43: Santa Anita | E43: N | F43: 45 | G43: 4875 | H43: IN | I43: PIS-PISA | J43: 46236 | K43: 0.70833333 | L43: 0.7125 | M43: done | N43: 46236 | O43: 0.76736111 | P43: 0.75369213 | Q43: done | R43: JUAREZ FAVELA JULIO CESAR | S43: 32 | T43: 0.0041666667 | U43: -0.013668981 | V43: Inicia tarde | W43: Llega a Tiempo | X43: Inicia tarde-Llega a Tiempo | Y43: 32 | Z43: No | AA43: Santa AnitaPIS-PISA | AB43: DAVID C. | AC43: Felipe M. | AD43: PIS-PISASanta Anita | AE43: E-PIS-R0045 | AF43: T2 | AG43: Santa Anita-R0045-17:00
A44: 14107217 | B44: 175449869 | C44: E-PIS-T2-R0079 | D44: Villas de la Hacienda | E44: N | F44: 79 | G44: 6885 | H44: IN | I44: PIS-PISA | J44: 46236 | K44: 0.70833333 | L44: 0.71180556 | M44: done | N44: 46236 | O44: 0.76736111 | P44: 0.74537037 | Q44: done | R44: GARCIA PEREZ ALFONSO | S44: 32 | T44: 0.0034722222 | U44: -0.021990741 | V44: Inicia tarde | W44: Llega a Tiempo | X44: Inicia tarde-Llega a Tiempo | Y44: 32 | Z44: No | AA44: Villas de la HaciendaPIS-PISA | AB44: DAVID C. | AC44: Felipe M. | AD44: PIS-PISAVillas de la Hacienda | AE44: E-PIS-R0079 | AF44: T2 | AG44: Villas de la Hacienda-R0079-17:00
A45: 14102875 | B45: 175449801 | C45: E-PIS-T2-R0043 | D45: Periferico Sur | E45: N | F45: 43 | G45: 4431 | H45: IN | I45: PIS-PISA | J45: 46236 | K45: 0.71180556 | L45: 0.71597222 | M45: done | N45: 46236 | O45: 0.76736111 | P45: 0.75511574 | Q45: done | R45: LARIOS SANCHEZ HECTOR ALEXANDE | S45: 32 | T45: 0.0041666667 | U45: -0.01224537 | V45: Inicia tarde | W45: Llega a Tiempo | X45: Inicia tarde-Llega a Tiempo | Y45: 32 | Z45: No | AA45: Periferico SurPIS-PISA | AB45: DAVID C. | AC45: Felipe M. | AD45: PIS-PISAPeriferico Sur | AE45: E-PIS-R0043 | AF45: T2 | AG45: Periferico Sur-R0043-17:05
A46: 14122113 | B46: 175450174 | C46: E-PIS-T2-R0095 | D46: Las Vias | E46: N | F46: 95 | G46: 4534 | H46: IN | I46: PIS-PISA | J46: 46236 | K46: 0.72222222 | L46: 0.72847222 | M46: done | N46: 46236 | O46: 0.76736111 | P46: 0.74930556 | Q46: done | R46: DELGADILLO SANCHEZ EDSON FABIA | S46: 32 | T46: 0.00625 | U46: -0.018055556 | V46: Inicia tarde | W46: Llega a Tiempo | X46: Inicia tarde-Llega a Tiempo | Y46: 32 | Z46: No | AA46: Las ViasPIS-PISA | AB46: DAVID C. | AC46: Felipe M. | AD46: PIS-PISALas Vias | AE46: E-PIS-R0095 | AF46: T2 | AG46: Las Vias-R0095-17:20
A47: 14100718 | B47: 175446028 | C47: E-SM4-T3-R0140 | D47: Dominical Lomas de San Agustin | E47: N | F47: 140 | G47: 6782 | H47: IN | I47: SANMINA TLAJOMULCO | J47: 46236 | K47: 0.86111111 | L47: 0.86458333 | M47: done | N47: 46236 | O47: 0.93402778 | P47: 0.92083333 | Q47: done | R47: MARTINEZ OCHOA PAULO | S47: 32 | T47: 0.0034722222 | U47: -0.013194444 | V47: Inicia tarde | W47: Llega a Tiempo | X47: Inicia tarde-Llega a Tiempo | Y47: 32 | Z47: No | AA47: Dominical Lomas de San AgustinSANMINA TLAJOMULCO | AB47: CUAUHTEMOC M. | AC47: Felipe M. | AD47: SANMINA TLAJOMULCODominical Lomas de San Agustin | AE47: E-SM4-R0140 | AF47: T3 | AG47: Dominical Lomas de San Agustin-R0140-20:40
A48: 14103183 | B48: 175443414 | C48: E-DIA-T3-R0001 | D48: Atotonilco-Nueva Destileria | E48: N | F48: 1 | G48: 15313 | H48: IN | I48: DIAGEO GDL | J48: 46236 | K48: 0.86805556 | L48: 0.87152778 | M48: done | N48: 46236 | O48: 0.88888889 | P48: 0.88263889 | Q48: done | R48: HERNANDEZ RON BLANCA HERLINDA | S48: 32 | T48: 0.0034722222 | U48: -0.00625 | V48: Inicia tarde | W48: Llega a Tiempo | X48: Inicia tarde-Llega a Tiempo | Y48: 32 | Z48: No | AA48: Atotonilco-Nueva DestileriaDIAGEO GDL | AB48: VIRIDIANA G | AC48: Ilse M. | AD48: DIAGEO GDLAtotonilco-Nueva Destileria | AE48: E-DIA-R0001 | AF48: T3 | AG48: Atotonilco-Nueva Destileria-R0001-20:50
A49: 14122320 | B49: 175444950 | C49: E-SK1-T3-R0042 | D49: Tonala T1 y T3 | E49: N | F49: 42 | G49: 6983 | H49: IN | I49: SANMINA KAMPUS 16 | J49: 46236 | K49: 0.86805556 | L49: 0.98680556 | M49: done | N49: 46236 | O49: 0.93402778 | Q49: start | R49: SANCHEZ BUSTAMANTE JUAN DIEGO | S49: 32 | T49: 0.11875 | U49: -0.93402778 | V49: Inicia tarde | W49: Llega a Tiempo | X49: Inicia tarde-Llega a Tiempo | Y49: 32 | Z49: No | AA49: Tonala T1 y T3SANMINA KAMPUS 16 | AB49: BRIAN A. | AC49: Felipe M. | AD49: SANMINA KAMPUS 16Tonala T1 y T3 | AE49: E-SK1-R0042 | AF49: T3 | AG49: Tonala T1 y T3-R0042-20:50
A50: 14103106 | B50: 175444893 | C50: E-SK1-T3-R0028 | D50: Juanacatlan | E50: N | F50: 28 | G50: 16733 | H50: IN | I50: SANMINA KAMPUS 16 | J50: 46236 | K50: 0.87152778 | L50: 0.875 | M50: done | N50: 46236 | O50: 0.93402778 | P50: 0.92291667 | Q50: done | R50: CORTES ARMENTA HERNAN | S50: 32 | T50: 0.0034722222 | U50: -0.011111111 | V50: Inicia tarde | W50: Llega a Tiempo | X50: Inicia tarde-Llega a Tiempo | Y50: 32 | Z50: No | AA50: JuanacatlanSANMINA KAMPUS 16 | AB50: BRIAN A. | AC50: Felipe M. | AD50: SANMINA KAMPUS 16Juanacatlan | AE50: E-SK1-R0028 | AF50: T3 | AG50: Juanacatlan-R0028-20:55
A51: 14119057 | B51: 175495155 | C51: E-SK1-T3-R0091 | D51: San Sebastian | E51: N | F51: 91 | G51: 6352 | H51: IN | I51: SANMINA KAMPUS 16 | J51: 46236 | K51: 0.87847222 | L51: 0.90138889 | M51: done | N51: 46236 | O51: 0.93402778 | P51: 0.93541667 | Q51: done | R51: MONROY ANAYA RODO LEV | S51: 32 | T51: 0.022916667 | U51: 0.0013888889 | V51: Inicia tarde | W51: Llega a Tiempo | X51: Inicia tarde-Llega a Tiempo | Y51: 32 | Z51: No | AA51: San SebastianSANMINA KAMPUS 16 | AB51: BRIAN A. | AC51: Felipe M. | AD51: SANMINA KAMPUS 16San Sebastian | AE51: E-SK1-R0091 | AF51: T3 | AG51: San Sebastian-R0091-21:05
A52: 14113320 | B52: 175446337 | C52: E-ZFF-T3-R0032 | D52: Op FOR Poncitlan Fin de semana | E52: N | F52: 32 | G52: 5439 | H52: IN | I52: ZF FORANEO | J52: 46236 | K52: 0.88541667 | L52: 0.96597222 | M52: done | N52: 46236 | O52: 0.93055556 | P52: 0.014583333 | Q52: proc | R52: SANCHEZ MARQUEZ ALEJANDRO | S52: 32 | T52: 0.080555556 | U52: -0.91597222 | V52: Inicia tarde | W52: Llega a Tiempo | X52: Inicia tarde-Llega a Tiempo | Y52: 32 | Z52: No | AA52: Op FOR Poncitlan Fin de semanaZF FORANEO | AB52: AGEO C. | AC52: Ilse M. | AD52: ZF FORANEOOp FOR Poncitlan Fin de semana | AE52: E-ZFF-R0032 | AF52: T3 | AG52: Op FOR Poncitlan Fin de semana-R0032-21:15
A53: 14117509 | B53: 175446007 | C53: E-SM4-T3-R0130 | D53: Dominical Canal 8 de Julio | E53: N | F53: 130 | G53: 13375 | H53: IN | I53: SANMINA TLAJOMULCO | J53: 46236 | K53: 0.88888889 | L53: 0.90972222 | M53: done | N53: 46236 | O53: 0.93402778 | P53: 0 | Q53: no_data | R53: VALLE SANCHEZ RAFAEL | S53: 32 | T53: 0.020833333 | U53: -0.93402778 | V53: Inicia tarde | W53: Llega a Tiempo | X53: Inicia tarde-Llega a Tiempo | Y53: 32 | Z53: No | AA53: Dominical Canal 8 de JulioSANMINA TLAJOMULCO | AB53: CUAUHTEMOC M. | AC53: Felipe M. | AD53: SANMINA TLAJOMULCODominical Canal 8 de Julio | AE53: E-SM4-R0130 | AF53: T3 | AG53: Dominical Canal 8 de Julio-R0130-21:20
A54: 14113320 | B54: 175446354 | C54: E-ZFF-T3-R0040 | D54: Op FOR Atequiza Fin de semana | E54: N | F54: 40 | G54: 5439 | H54: IN | I54: ZF FORANEO | J54: 46236 | K54: 0.89583333 | L54: 0.90347222 | M54: done | N54: 46236 | O54: 0.93055556 | P54: 0.92569444 | Q54: done | R54: SANCHEZ MARQUEZ ALEJANDRO | S54: 32 | T54: 0.0076388889 | U54: -0.0048611111 | V54: Inicia tarde | W54: Llega a Tiempo | X54: Inicia tarde-Llega a Tiempo | Y54: 32 | Z54: No | AA54: Op FOR Atequiza Fin de semanaZF FORANEO | AB54: AGEO C. | AC54: Ilse M. | AD54: ZF FORANEOOp FOR Atequiza Fin de semana | AE54: E-ZFF-R0040 | AF54: T3 | AG54: Op FOR Atequiza Fin de semana-R0040-21:30
A55: 14116723 | B55: 175418432 | C55: E-MOL-T1-R0038 | D55: Ciudad Guzman | E55: N | F55: 38 | G55: 15341 | H55: IN | I55: MOLEX | J55: 46235 | K55: 0.18055556 | L55: 0.18541667 | M55: done | N55: 46235 | O55: 0.26041667 | P55: 0.26427083 | Q55: done | R55: HERMOSILLO COLAZO ARNULFO | S55: 31 | T55: 0.0048611111 | U55: 0.0038541667 | V55: Inicia tarde | W55: Llega tarde | X55: Inicia tarde-Llega tarde | Y55: 31 | Z55: No | AA55: Ciudad GuzmanMOLEX | AB55: VICTOR C. | AC55: Leopoldo V. | AD55: MOLEXCiudad Guzman | AE55: E-MOL-R0038 | AF55: T1 | AG55: Ciudad Guzman-R0038-04:20
A56: 14109748 | B56: 175412512 | C56: E-SIG-T1-R0001 | D56: Santa Fe | E56: N | F56: 1 | G56: 16725 | H56: IN | I56: SIGMA ALIMENTOS | J56: 46235 | K56: 0.19444444 | L56: 0.19930556 | M56: done | N56: 46235 | O56: 0.24305556 | P56: 0.24013889 | Q56: done | R56: RUIZ JARA OCTAVIO JAVIER | S56: 31 | T56: 0.0048611111 | U56: -0.0029166667 | V56: Inicia tarde | W56: Llega a Tiempo | X56: Inicia tarde-Llega a Tiempo | Y56: 31 | Z56: No | AA56: Santa FeSIGMA ALIMENTOS | AB56: DAVID M | AC56: Ilse M. | AD56: SIGMA ALIMENTOS Santa Fe | AE56: E-SIG-R0001 | AF56: T1 | AG56: Santa Fe-R0001-04:40
A57: 14113198 | B57: 175415948 | C57: E-HER-T1-R0007 | D57: Tonala | E57: N | F57: 7 | G57: 15765 | H57: IN | I57: HERSHEYS | J57: 46235 | K57: 0.19444444 | L57: 0.19861111 | M57: done | N57: 46235 | O57: 0.25 | P57: 0.23832176 | Q57: done | R57: OLMEDO LORETO SERGIO MOISES AN | S57: 31 | T57: 0.0041666667 | U57: -0.011678241 | V57: Inicia tarde | W57: Llega a Tiempo | X57: Inicia tarde-Llega a Tiempo | Y57: 31 | Z57: No | AA57: TonalaHERSHEYS | AB57: CARLOS C. | AC57: Ilse M. | AD57: HERSHEYSTonala | AE57: E-HER-R0007 | AF57: T1 | AG57: Tonala-R0007-04:40
A58: 14109802 | B58: 175412515 | C58: E-SIG-T1-R0002 | D58: Oblatos | E58: N | F58: 2 | G58: 11820 | H58: IN | I58: SIGMA ALIMENTOS | J58: 46235 | K58: 0.19791667 | L58: 0.20833333 | M58: done | N58: 46235 | O58: 0.23958333 | P58: 0.24219907 | Q58: done | R58: AGUILERA MEDRANO VICTOR MANU | S58: 31 | T58: 0.010416667 | U58: 0.0026157407 | V58: Inicia tarde | W58: Llega a Tiempo | X58: Inicia tarde-Llega a Tiempo | Y58: 31 | Z58: No | AA58: OblatosSIGMA ALIMENTOS | AB58: DAVID M | AC58: Ilse M. | AD58: SIGMA ALIMENTOS Oblatos | AE58: E-SIG-R0002 | AF58: T1 | AG58: Oblatos-R0002-04:45
A59: 14122871 | B59: 175406929 | C59: E-CUP-T1-R0001 | D59: Chulavista | E59: N | F59: 1 | G59: 6384 | H59: IN | I59: CUPRUM GDL | J59: 46235 | K59: 0.20138889 | L59: 0.20486111 | M59: done | N59: 46235 | O59: 0.24652778 | P59: 0.24134259 | Q59: done | R59: OROZCO GUERRERO GERARDO DANIEL | S59: 31 | T59: 0.0034722222 | U59: -0.0051851852 | V59: Inicia tarde | W59: Llega a Tiempo | X59: Inicia tarde-Llega a Tiempo | Y59: 31 | Z59: No | AA59: ChulavistaCUPRUM GDL | AB59: DAVID M | AC59: Ilse M. | AD59: CUPRUM GDLChulavista | AE59: E-CUP-R0001 | AF59: T1 | AG59: Chulavista-R0001-04:50
B60: 175413076 | C60: E-SM4-T1-R0101 | D60: Lomas de San Agustin | E60: N | F60: 101 | G60: 10747 | H60: IN | I60: SANMINA TLAJOMULCO | J60: 46235 | K60: 0.20138889 | L60: 0.20902778 | M60: done | N60: 46235 | O60: 0.26736111 | P60: 0.2421412 | Q60: done | R60: OPERADOR NO REGISTRADO | S60: 31 | T60: 0.0076388889 | U60: -0.025219907 | V60: Inicia tarde | W60: Llega a Tiempo | X60: Inicia tarde-Llega a Tiempo | Y60: 31 | Z60: No | AA60: Lomas de San AgustinSANMINA TLAJOMULCO | AB60: CUAUHTEMOC M. | AC60: Felipe M. | AD60: SANMINA TLAJOMULCOLomas de San Agustin | AE60: E-SM4-R0101 | AF60: T1 | AG60: Lomas de San Agustin-R0101-04:50
A61: 14107081 | B61: 175422935 | C61: E-SAN-T1-R0503 | D61: Tabachines T1 | E61: N | F61: 503 | G61: 16738 | H61: IN | I61: SANMINA GDL | J61: 46235 | K61: 0.20138889 | L61: 0.21458333 | M61: done | N61: 46235 | O61: 0.26736111 | P61: 0.25278935 | Q61: done | R61: RAMIREZ RUIZ RAUL | S61: 31 | T61: 0.013194444 | U61: -0.014571759 | V61: Inicia tarde | W61: Llega a Tiempo | X61: Inicia tarde-Llega a Tiempo | Y61: 31 | Z61: No | AA61: Tabachines T1SANMINA GDL | AB61: PABLO F. | AC61: Felipe M. | AD61: SANMINA GDLTabachines T1 | AE61: E-SAN-R0503 | AF61: T1 | AG61: Tabachines T1-R0503-04:50
A62: 14103106 | B62: 175412850 | C62: E-SK1-T1-R0028 | D62: Juanacatlan | E62: N | F62: 28 | G62: 16733 | H62: IN | I62: SANMINA KAMPUS 16 | J62: 46235 | K62: 0.20833333 | L62: 0.21388889 | M62: done | N62: 46235 | O62: 0.26736111 | P62: 0.25665509 | Q62: done | R62: CORTES ARMENTA HERNAN | S62: 31 | T62: 0.0055555556 | U62: -0.010706019 | V62: Inicia tarde | W62: Llega a Tiempo | X62: Inicia tarde-Llega a Tiempo | Y62: 31 | Z62: No | AA62: JuanacatlanSANMINA KAMPUS 16 | AB62: BRIAN A. | AC62: Felipe M. | AD62: SANMINA KAMPUS 16Juanacatlan | AE62: E-SK1-R0028 | AF62: T1 | AG62: Juanacatlan-R0028-05:00
A63: 14118186 | B63: 175413525 | C63: E-PEM-T1-R0015 | D63: Mixing Tonala | E63: N | F63: 15 | G63: 6660 | H63: IN | I63: PEPSICO MIXING | J63: 46235 | K63: 0.20833333 | L63: 0.2125 | M63: done | N63: 46235 | O63: 0.27083333 | P63: 0.25189815 | Q63: done | R63: SANDOVAL FLORES JUAN ANTONIO | S63: 31 | T63: 0.0041666667 | U63: -0.018935185 | V63: Inicia tarde | W63: Llega a Tiempo | X63: Inicia tarde-Llega a Tiempo | Y63: 31 | Z63: No | AA63: Mixing TonalaPEPSICO MIXING | AB63: DANIEL | AC63: Leopoldo V. | AD63: PEPSICO MIXINGMixing Tonala | AE63: E-PEM-R0015 | AF63: T1 | AG63: Mixing Tonala-R0015-05:00
A64: 14122873 | B64: 175410529 | C64: E-SM4-T1-R0023 | D64: Parques de Santa Cruz T1 | E64: N | F64: 23 | G64: 6984 | H64: IN | I64: SANMINA TLAJOMULCO | J64: 46235 | K64: 0.20972222 | L64: 0.22291667 | M64: done | N64: 46235 | O64: 0.26736111 | P64: 0.26534722 | Q64: done | R64: RAMIREZ CASTELLANOS JORGE ARMANDO | S64: 31 | T64: 0.013194444 | U64: -0.0020138889 | V64: Inicia tarde | W64: Llega a Tiempo | X64: Inicia tarde-Llega a Tiempo | Y64: 31 | Z64: No | AA64: Parques de Santa Cruz T1SANMINA TLAJOMULCO | AB64: CUAUHTEMOC M. | AC64: Felipe M. | AD64: SANMINA TLAJOMULCOParques de Santa Cruz T1 | AE64: E-SM4-R0023 | AF64: T1 | AG64: Parques de Santa Cruz T1-R0023-05:02
A65: 14107967 | B65: 175412817 | C65: E-SK1-T1-R0015 | D65: Chulavista 2 T1 | E65: N | F65: 15 | G65: 16734 | H65: IN | I65: SANMINA KAMPUS 16 | J65: 46235 | K65: 0.21180556 | L65: 0.21736111 | M65: done | N65: 46235 | O65: 0.26736111 | P65: 0.25971065 | Q65: done | R65: VAZQUEZ FLORES FABIAN | S65: 31 | T65: 0.0055555556 | U65: -0.007650463 | V65: Inicia tarde | W65: Llega a Tiempo | X65: Inicia tarde-Llega a Tiempo | Y65: 31 | Z65: No | AA65: Chulavista 2 T1SANMINA KAMPUS 16 | AB65: BRIAN A. | AC65: Felipe M. | AD65: SANMINA KAMPUS 16Chulavista 2 T1 | AE65: E-SK1-R0015 | AF65: T1 | AG65: Chulavista 2 T1-R0015-05:05
A66: 14107393 | B66: 175413100 | C66: E-SM4-T1-R0112 | D66: Santa Fe 1 | E66: N | F66: 112 | G66: 15996 | H66: IN | I66: SANMINA TLAJOMULCO | J66: 46235 | K66: 0.21180556 | L66: 0.22083333 | M66: done | N66: 46235 | O66: 0.26736111 | P66: 0.25363426 | Q66: done | R66: GUERRERO CORTES SERGIO RICARDO | S66: 31 | T66: 0.0090277778 | U66: -0.013726852 | V66: Inicia tarde | W66: Llega a Tiempo | X66: Inicia tarde-Llega a Tiempo | Y66: 31 | Z66: No | AA66: Santa Fe 1SANMINA TLAJOMULCO | AB66: CUAUHTEMOC M. | AC66: Felipe M. | AD66: SANMINA TLAJOMULCOSanta Fe 1 | AE66: E-SM4-R0112 | AF66: T1 | AG66: Santa Fe 1-R0112-05:05
A67: 14123080 | B67: 175421901 | C67: E-PIS-T1-R0089 | D67: Valle Dorado | E67: N | F67: 89 | G67: 4411 | H67: IN | I67: PIS-PISA | J67: 46235 | K67: 0.21180556 | L67: 0.21805556 | M67: done | N67: 46235 | O67: 0.26736111 | P67: 0.25375 | Q67: done | R67: PANTOJA PERALES ALAN KERIM | S67: 31 | T67: 0.00625 | U67: -0.013611111 | V67: Inicia tarde | W67: Llega a Tiempo | X67: Inicia tarde-Llega a Tiempo | Y67: 31 | Z67: No | AA67: Valle DoradoPIS-PISA | AB67: DAVID C. | AC67: Felipe M. | AD67: PIS-PISAValle Dorado | AE67: E-PIS-R0089 | AF67: T1 | AG67: Valle Dorado-R0089-05:05
A68: 14122673 | B68: 175412821 | C68: E-SK1-T1-R0017 | D68: Chulavista Valle Dorado T1 | E68: N | F68: 17 | G68: 6352 | H68: IN | I68: SANMINA KAMPUS 16 | J68: 46235 | K68: 0.21319444 | L68: 0.22083333 | M68: done | N68: 46235 | O68: 0.26736111 | P68: 0.25265046 | Q68: done | R68: CARDONA PRECIADO JOSE MANUEL | S68: 31 | T68: 0.0076388889 | U68: -0.014710648 | V68: Inicia tarde | W68: Llega a Tiempo | X68: Inicia tarde-Llega a Tiempo | Y68: 31 | Z68: No | AA68: Chulavista Valle Dorado T1SANMINA KAMPUS 16 | AB68: BRIAN A. | AC68: Felipe M. | AD68: SANMINA KAMPUS 16Chulavista Valle Dorado T1 | AE68: E-SK1-R0017 | AF68: T1 | AG68: Chulavista Valle Dorado T1-R0017-05:07
A69: 14110339 | B69: 175412837 | C69: E-SK1-T1-R0023 | D69: Jauja T1 | E69: N | F69: 23 | G69: 5437 | H69: IN | I69: SANMINA KAMPUS 16 | J69: 46235 | K69: 0.21388889 | L69: 0.21944444 | M69: done | N69: 46235 | O69: 0.26736111 | P69: 0.2605787 | Q69: done | R69: VELEZ GARCIA ALEJANDRO | S69: 31 | T69: 0.0055555556 | U69: -0.0067824074 | V69: Inicia tarde | W69: Llega a Tiempo | X69: Inicia tarde-Llega a Tiempo | Y69: 31 | Z69: No | AA69: Jauja T1SANMINA KAMPUS 16 | AB69: BRIAN A. | AC69: Felipe M. | AD69: SANMINA KAMPUS 16Jauja T1 | AE69: E-SK1-R0023 | AF69: T1 | AG69: Jauja T1-R0023-05:08
A70: 14107167 | B70: 175413507 | C70: E-PEM-T1-R0004 | D70: Mixing Demostenes | E70: N | F70: 4 | G70: 5922 | H70: IN | I70: PEPSICO MIXING | J70: 46235 | K70: 0.21388889 | L70: 0.31736111 | M70: done | N70: 46235 | O70: 0.27083333 | Q70: start | R70: MENDEZ RUIZ BENJAMIN FRANCISCO | S70: 31 | T70: 0.10347222 | U70: -0.27083333 | V70: Inicia tarde | W70: Llega a Tiempo | X70: Inicia tarde-Llega a Tiempo | Y70: 31 | Z70: No | AA70: Mixing DemostenesPEPSICO MIXING | AB70: DANIEL | AC70: Leopoldo V. | AD70: PEPSICO MIXINGMixing Demostenes | AE70: E-PEM-R0004 | AF70: T1 | AG70: Mixing Demostenes-R0004-05:08
A71: 14108222 | B71: 175412841 | C71: E-SK1-T1-R0025 | D71: Juan Pablo II | E71: N | F71: 25 | G71: 13844 | H71: IN | I71: SANMINA KAMPUS 16 | J71: 46235 | K71: 0.21527778 | L71: 0.22013889 | M71: done | N71: 46235 | O71: 0.26736111 | P71: 0.25747685 | Q71: done | R71: TELLES PADILLA JOSE MANUEL | S71: 31 | T71: 0.0048611111 | U71: -0.0098842593 | V71: Inicia tarde | W71: Llega a Tiempo | X71: Inicia tarde-Llega a Tiempo | Y71: 31 | Z71: No | AA71: Juan Pablo IISANMINA KAMPUS 16 | AB71: BRIAN A. | AC71: Felipe M. | AD71: SANMINA KAMPUS 16Juan Pablo II | AE71: E-SK1-R0025 | AF71: T1 | AG71: Juan Pablo II-R0025-05:10
A72: 14123012 | B72: 175421884 | C72: E-FOX-T1-R0133 | D72: Ocotlán 1 | E72: N | F72: 133 | G72: 11944 | H72: IN | I72: FOXCONN | J72: 46235 | K72: 0.21527778 | L72: 0.22083333 | M72: done | N72: 46235 | O72: 0.28125 | P72: 0.27672454 | Q72: done | R72: LOMELI VAZQUEZ JAVIER | S72: 31 | T72: 0.0055555556 | U72: -0.004525463 | V72: Inicia tarde | W72: Llega a Tiempo | X72: Inicia tarde-Llega a Tiempo | Y72: 31 | Z72: No | AA72: Ocotlán 1FOXCONN | AB72: DIEGOVO. | AC72: Leopoldo V. | AD72: FOXCONNOcotlán 1 | AE72: E-FOX-R0133 | AF72: T1 | AG72: Ocotlán 1-R0133-05:10
A73: 14122329 | B73: 175412958 | C73: E-SK1-T1-R0040 | D73: Santa Fe T1 | E73: N | F73: 40 | G73: 5425 | H73: IN | I73: SANMINA KAMPUS 16 | J73: 46235 | K73: 0.21736111 | L73: 0.22777778 | M73: done | N73: 46235 | O73: 0.26736111 | P73: 0.26234954 | Q73: done | R73: AMPARO RAMOS JOSE MANUEL | S73: 31 | T73: 0.010416667 | U73: -0.0050115741 | V73: Inicia tarde | W73: Llega a Tiempo | X73: Inicia tarde-Llega a Tiempo | Y73: 31 | Z73: No | AA73: Santa Fe T1SANMINA KAMPUS 16 | AB73: BRIAN A. | AC73: Felipe M. | AD73: SANMINA KAMPUS 16Santa Fe T1 | AE73: E-SK1-R0040 | AF73: T1 | AG73: Santa Fe T1-R0040-05:13
A74: 14118579 | B74: 175414186 | C74: E-ZLT-T1-R0012 | D74: El Salto | E74: N | F74: 12 | G74: 15334 | H74: IN | I74: ZOLTEK GDL | J74: 46235 | K74: 0.21875 | L74: 0.22361111 | M74: done | N74: 46235 | O74: 0.26041667 | P74: 0.25490741 | Q74: done | R74: JUAREZ RUIZ ISRAEL | S74: 31 | T74: 0.0048611111 | U74: -0.0055092593 | V74: Inicia tarde | W74: Llega a Tiempo | X74: Inicia tarde-Llega a Tiempo | Y74: 31 | Z74: No | AA74: El SaltoZOLTEK GDL | AB74: CARLOS C. | AC74: Ilse M. | AD74: ZOLTEK GDLEl Salto | AE74: E-ZLT-R0012 | AF74: T1 | AG74: El Salto-R0012-05:15
A75: 14123254 | B75: 175419431 | C75: E-FOX-T1-R0077 | D75: Tonala 1 | E75: N | F75: 77 | G75: 5527 | H75: IN | I75: FOXCONN | J75: 46235 | K75: 0.22222222 | L75: 0.22777778 | M75: done | N75: 46235 | O75: 0.28125 | P75: 0.26630787 | Q75: done | R75: MONCADA CALDERON FRANCISCO | S75: 31 | T75: 0.0055555556 | U75: -0.01494213 | V75: Inicia tarde | W75: Llega a Tiempo | X75: Inicia tarde-Llega a Tiempo | Y75: 31 | Z75: No | AA75: Tonala 1FOXCONN | AB75: CANDELAS | AC75: Leopoldo V. | AD75: FOXCONNTonala 1 | AE75: E-FOX-R0077 | AF75: T1 | AG75: Tonala 1-R0077-05:20
A76: 14122291 | B76: 175422244 | C76: E-MAS-T1-R0007 | D76: Chulavista | E76: N | F76: 7 | G76: 4978 | H76: IN | I76: MASECA GDL | J76: 46235 | K76: 0.22222222 | L76: 0.22847222 | M76: done | N76: 46235 | O76: 0.26041667 | P76: 0.25826389 | Q76: done | R76: PADILLA MORENO RENE | S76: 31 | T76: 0.00625 | U76: -0.0021527778 | V76: Inicia tarde | W76: Llega a Tiempo | X76: Inicia tarde-Llega a Tiempo | Y76: 31 | Z76: No | AA76: ChulavistaMASECA GDL | AB76: DAVID M | AC76: Ilse M. | AD76: MASECA GDLChulavista | AE76: E-MAS-R0007 | AF76: T1 | AG76: Chulavista-R0007-05:20
A77: 14100787 | B77: 175414746 | C77: E-ZFM-T1-R0098 | D77: Op MET Cajititlán Fin de Semana | E77: N | F77: 98 | G77: 6474 | H77: IN | I77: ZF METROPOLITANA | J77: 46235 | K77: 0.22569444 | L77: 0.23263889 | M77: done | N77: 46235 | O77: 0.26388889 | P77: 0.25791667 | Q77: done | R77: YEPEZ VAZQUEZ JOAN | S77: 31 | T77: 0.0069444444 | U77: -0.0059722222 | V77: Inicia tarde | W77: Llega a Tiempo | X77: Inicia tarde-Llega a Tiempo | Y77: 31 | Z77: No | AA77: Op MET Cajititlán Fin de SemanaZF METROPOLITANA | AB77: AGEO C. | AC77: Ilse M. | AD77: ZF METROPOLITANAOp MET Cajititlán Fin de Semana | AE77: E-ZFM-R0098 | AF77: T1 | AG77: Op MET Cajititlán Fin de Semana-R0098-05:25
A78: 14121158 | B78: 175421905 | C78: E-PIS-T1-R0091 | D78: La Noria | E78: N | F78: 91 | G78: 4532 | H78: IN | I78: PIS-PISA | J78: 46235 | K78: 0.22569444 | L78: 0.22986111 | M78: done | N78: 46235 | O78: 0.26736111 | P78: 0.25076389 | Q78: done | R78: CHAVEZ CADENA ALBERTO | S78: 31 | T78: 0.0041666667 | U78: -0.016597222 | V78: Inicia tarde | W78: Llega a Tiempo | X78: Inicia tarde-Llega a Tiempo | Y78: 31 | Z78: No | AA78: La NoriaPIS-PISA | AB78: DAVID C. | AC78: Felipe M. | AD78: PIS-PISALa Noria | AE78: E-PIS-R0091 | AF78: T1 | AG78: La Noria-R0091-05:25
A79: 14118743 | B79: 175415958 | C79: E-HER-T1-R0011 | D79: El Salto Azucena | E79: N | F79: 11 | G79: 15185 | H79: IN | I79: HERSHEYS | J79: 46235 | K79: 0.22638889 | L79: 0.23194444 | M79: done | N79: 46235 | O79: 0.25 | P79: 0.24444444 | Q79: done | R79: MUÑOZ RIVAS EMMA | S79: 31 | T79: 0.0055555556 | U79: -0.0055555556 | V79: Inicia tarde | W79: Llega a Tiempo | X79: Inicia tarde-Llega a Tiempo | Y79: 31 | Z79: No | AA79: El Salto AzucenaHERSHEYS | AB79: CARLOS C. | AC79: Ilse M. | AD79: HERSHEYSEl Salto Azucena | AE79: E-HER-R0011 | AF79: T1 | AG79: El Salto Azucena-R0011-05:26
A80: 14121791 | B80: 175416657 | C80: E-FOX-T1-R0022 | D80: Arcos Zapopan | E80: N | F80: 22 | G80: 14687 | H80: IN | I80: FOXCONN | J80: 46235 | K80: 0.22916667 | L80: 0.23541667 | M80: done | N80: 46235 | O80: 0.28125 | P80: 0.27681713 | Q80: done | R80: SANCHEZ SANTIAGO IRAD BLASAMIR | S80: 31 | T80: 0.00625 | U80: -0.0044328704 | V80: Inicia tarde | W80: Llega a Tiempo | X80: Inicia tarde-Llega a Tiempo | Y80: 31 | Z80: No | AA80: Arcos ZapopanFOXCONN | AB80: CANDELAS | AC80: Leopoldo V. | AD80: FOXCONNArcos Zapopan | AE80: E-FOX-R0022 | AF80: T1 | AG80: Arcos Zapopan-R0022-05:30
A81: 14123725 | B81: 175420853 | C81: E-FOX-T1-R0098 | D81: El Colli | E81: N | F81: 98 | G81: 13371 | H81: IN | I81: FOXCONN | J81: 46235 | K81: 0.22916667 | L81: 0.24305556 | M81: done | N81: 46235 | O81: 0.28125 | P81: 0.27527778 | Q81: done | R81: REA PINEDO SALVADOR MANUEL | S81: 31 | T81: 0.013888889 | U81: -0.0059722222 | V81: Inicia tarde | W81: Llega a Tiempo | X81: Inicia tarde-Llega a Tiempo | Y81: 31 | Z81: No | AA81: El ColliFOXCONN | AB81: CANDELAS | AC81: Leopoldo V. | AD81: FOXCONNEl Colli | AE81: E-FOX-R0098 | AF81: T1 | AG81: El Colli-R0098-05:30
A82: 14122419 | B82: 175417214 | C82: E-FOX-T1-R0032 | D82: Lomas del Sur | E82: N | F82: 32 | G82: 15315 | H82: IN | I82: FOXCONN | J82: 46235 | K82: 0.23194444 | L82: 0.24375 | M82: done | N82: 46235 | O82: 0.28125 | P82: 0.27538194 | Q82: done | R82: JARAMILLO MARTINEZ JOSE GUADAL | S82: 31 | T82: 0.011805556 | U82: -0.0058680556 | V82: Inicia tarde | W82: Llega a Tiempo | X82: Inicia tarde-Llega a Tiempo | Y82: 31 | Z82: No | AA82: Lomas del SurFOXCONN | AB82: DIEGOVO. | AC82: Leopoldo V. | AD82: FOXCONNLomas del Sur | AE82: E-FOX-R0032 | AF82: T1 | AG82: Lomas del Sur-R0032-05:34
... A84: 14112026 | B84: 175421938 | C84: E-FOX-T1-R0139 | D84: Apoyo Chulavista | E84: N | F84: 139 | G84: 10359 | H84: IN | I84: FOXCONN | J84: 46235 | K84: 0.23611111 | L84: 0.24236111 | M84: done | N84: 46235 | O84: 0.28125 | P84: 0.2675463 | Q84: done | R84: AGRIPINO ROBLES MARIO ALFONS | S84: 31 | T84: 0.00625 | U84: -0.013703704 | V84: Inicia tarde | W84: Llega a Tiempo | X84: Inicia tarde-Llega a Tiempo | Y84: 31 | Z84: No | AA84: Apoyo ChulavistaFOXCONN | AB84: DIEGOVO. | AC84: Leopoldo V. | AD84: FOXCONNApoyo Chulavista | AE84: E-FOX-R0139 | AF84: T1 | AG84: Apoyo Chulavista-R0139-05:40
B85: 175416857 | C85: E-FOX-T1-R0026 | D85: Balcones | E85: N | F85: 26 | G85: 14670 | H85: IN | I85: FOXCONN | J85: 46235 | K85: 0.23958333 | L85: 0.25138889 | M85: done | N85: 46235 | O85: 0.28125 | P85: 0.28046296 | Q85: done | R85: OPERADOR NO REGISTRADO | S85: 31 | T85: 0.011805556 | U85: -0.00078703704 | V85: Inicia tarde | W85: Llega a Tiempo | X85: Inicia tarde-Llega a Tiempo | Y85: 31 | Z85: No | AA85: BalconesFOXCONN | AB85: CANDELAS | AC85: Leopoldo V. | AD85: FOXCONNBalcones | AE85: E-FOX-R0026 | AF85: T1 | AG85: Balcones-R0026-05:45
A86: 14123459 | B86: 175417219 | C86: E-FOX-T1-R0034 | D86: Arvento | E86: N | F86: 34 | G86: 13502 | H86: IN | I86: FOXCONN | J86: 46235 | K86: 0.24583333 | L86: 0.25069444 | M86: done | N86: 46235 | O86: 0.28125 | P86: 0.2777662 | Q86: done | R86: TINOCO BARRERA LUIS ENRIQUE | S86: 31 | T86: 0.0048611111 | U86: -0.0034837963 | V86: Inicia tarde | W86: Llega a Tiempo | X86: Inicia tarde-Llega a Tiempo | Y86: 31 | Z86: No | AA86: ArventoFOXCONN | AB86: CANDELAS | AC86: Leopoldo V. | AD86: FOXCONNArvento | AE86: E-FOX-R0034 | AF86: T1 | AG86: Arvento-R0034-05:54
A87: 14111266 | B87: 175424669 | C87: E-PAQ-T1-R0052 | D87: Santa Fe T1 | E87: N | F87: 52 | G87: 13388 | H87: IN | I87: PAQUETEXPRESS GDL | J87: 46235 | K87: 0.24652778 | L87: 0.25486111 | M87: done | N87: 46235 | O87: 0.29166667 | P87: 0.28523148 | Q87: done | R87: VALADEZ SANDOVAL ROBERTO | S87: 31 | T87: 0.0083333333 | U87: -0.0064351852 | V87: Inicia tarde | W87: Llega a Tiempo | X87: Inicia tarde-Llega a Tiempo | Y87: 31 | Z87: No | AA87: Santa Fe T1PAQUETEXPRESS GDL | AB87: DAVID D. | AC87: Leopoldo V. | AD87: PAQUETEXPRESS GDLSanta Fe T1 | AE87: #N/A | AF87: T1 | AG87: Santa Fe T1-R0052-05:55
A88: 14119155 | B88: 175424703 | C88: E-FOX-T1-R0267 | D88: Interplantas | E88: N | F88: 267 | G88: 14688 | H88: IN | I88: FOXCONN | J88: 46235 | K88: 0.30555556 | L88: 0.31180556 | M88: done | N88: 46235 | O88: 0.3125 | P88: 0.30416667 | Q88: done | R88: VALENCIA IBARRA ESLI JAVIER | S88: 31 | T88: 0.00625 | U88: -0.0083333333 | V88: Inicia tarde | W88: Llega a Tiempo | X88: Inicia tarde-Llega a Tiempo | Y88: 31 | Z88: No | AA88: InterplantasFOXCONN | AB88: WENDY H. | AC88: Leopoldo V. | AD88: FOXCONNInterplantas | AE88: #N/A | AF88: T1 | AG88: Interplantas-R0267-07:20
A89: 14113198 | B89: 175415949 | C89: E-HER-T2-R0007 | D89: Tonala | E89: N | F89: 7 | G89: 15765 | H89: IN | I89: HERSHEYS | J89: 46235 | K89: 0.40277778 | L89: 0.41527778 | M89: done | N89: 46235 | O89: 0.45833333 | P89: 0.45791667 | Q89: done | R89: OLMEDO LORETO SERGIO MOISES AN | S89: 31 | T89: 0.0125 | U89: -0.00041666667 | V89: Inicia tarde | W89: Llega a Tiempo | X89: Inicia tarde-Llega a Tiempo | Y89: 31 | Z89: No | AA89: TonalaHERSHEYS | AB89: CARLOS C. | AC89: Ilse M. | AD89: HERSHEYSTonala | AE89: E-HER-R0007 | AF89: T2 | AG89: Tonala-R0007-09:40
A90: 14111266 | B90: 175419028 | C90: E-PAQ-T1-R0032 | D90: Chulavista Fin De Semana | E90: N | F90: 32 | G90: 13388 | H90: IN | I90: PAQUETEXPRESS GDL | J90: 46235 | K90: 0.41805556 | L90: 0.45208333 | M90: done | N90: 46235 | O90: 0.45833333 | P90: 0.46211806 | Q90: done | R90: VALADEZ SANDOVAL ROBERTO | S90: 31 | T90: 0.034027778 | U90: 0.0037847222 | V90: Inicia tarde | W90: Llega tarde | X90: Inicia tarde-Llega tarde | Y90: 31 | Z90: No | AA90: Chulavista Fin De SemanaPAQUETEXPRESS GDL | AB90: DAVID D. | AC90: Leopoldo V. | AD90: PAQUETEXPRESS GDLChulavista Fin De Semana | AE90: E-PAQ-R0032 | AF90: T1 | AG90: Chulavista Fin De Semana-R0032-10:02
A91: 14118773 | B91: 175415971 | C91: E-HER-T1-R0016 | D91: Centro Sur. | E91: N | F91: 16 | G91: 14867 | H91: IN | I91: HERSHEYS | J91: 46235 | K91: 0.43055556 | L91: 0.45347222 | M91: done | N91: 46235 | O91: 0.45833333 | P91: 0.47259259 | Q91: done | R91: MARTINEZ ACOSTA MARIO EDUARDO | S91: 31 | T91: 0.022916667 | U91: 0.014259259 | V91: Inicia tarde | W91: Llega tarde | X91: Inicia tarde-Llega tarde | Y91: 31 | Z91: No | AA91: Centro Sur.HERSHEYS | AB91: CARLOS C. | AC91: Ilse M. | AD91: HERSHEYSCentro Sur. | AE91: E-HER-R0016 | AF91: T1 | AG91: Centro Sur.-R0016-10:20
A92: 14122871 | B92: 175406930 | C92: E-CUP-T2-R0001 | D92: Chulavista | E92: N | F92: 1 | G92: 6384 | H92: IN | I92: CUPRUM GDL | J92: 46235 | K92: 0.51388889 | L92: 0.51805556 | M92: done | N92: 46235 | O92: 0.57986111 | P92: 0.5668287 | Q92: done | R92: OROZCO GUERRERO GERARDO DANIEL | S92: 31 | T92: 0.0041666667 | U92: -0.013032407 | V92: Inicia tarde | W92: Llega a Tiempo | X92: Inicia tarde-Llega a Tiempo | Y92: 31 | Z92: No | AA92: ChulavistaCUPRUM GDL | AB92: DAVID M | AC92: Ilse M. | AD92: CUPRUM GDLChulavista | AE92: E-CUP-R0001 | AF92: T2 | AG92: Chulavista-R0001-12:20
A93: 14122809 | B93: 175412781 | C93: E-PAQ-T2-R0007 | D93: Juan de la Barrera Fin de semana | E93: N | F93: 7 | G93: 12897 | H93: IN | I93: PAQUETEXPRESS GDL | J93: 46235 | K93: 0.51388889 | L93: 0.52708333 | M93: done | N93: 46235 | O93: 0.58333333 | P93: 0.59081019 | Q93: done | R93: VALLADOLID MARTINEZ LUIS ALEJANDRO | S93: 31 | T93: 0.013194444 | U93: 0.0074768519 | V93: Inicia tarde | W93: Llega tarde | X93: Inicia tarde-Llega tarde | Y93: 31 | Z93: No | AA93: Juan de la Barrera Fin de semanaPAQUETEXPRESS GDL | AB93: DAVID D. | AC93: Leopoldo V. | AD93: PAQUETEXPRESS GDLJuan de la Barrera Fin de semana | AE93: #N/A | AF93: T2 | AG93: Juan de la Barrera Fin de semana-R0007-12:20
A94: 14110039 | B94: 175415973 | C94: E-HER-T2-R0017 | D94: Arenales | E94: N | F94: 17 | G94: 13848 | H94: IN | I94: HERSHEYS | J94: 46235 | K94: 0.52083333 | L94: 0.5375 | M94: done | N94: 46235 | O94: 0.60416667 | P94: 0.5987037 | Q94: done | R94: VACA BRAVO CARLOS GONZALO | S94: 31 | T94: 0.016666667 | U94: -0.005462963 | V94: Inicia tarde | W94: Llega a Tiempo | X94: Inicia tarde-Llega a Tiempo | Y94: 31 | Z94: No | AA94: ArenalesHERSHEYS | AB94: CARLOS C. | AC94: Ilse M. | AD94: HERSHEYSArenales | AE94: E-HER-R0017 | AF94: T2 | AG94: Arenales-R0017-12:30
A95: 14123635 | B95: 175418452 | C95: E-SAN-T2-R0454 | D95: Angel Leaño T2 Y T3 | E95: N | F95: 454 | G95: 5482 | H95: IN | I95: SANMINA GDL | J95: 46235 | K95: 0.52083333 | L95: 0.53402778 | M95: done | N95: 46235 | O95: 0.60069444 | P95: 0.60884259 | Q95: done | R95: PEREZ CORREA LUIS CARLOS | S95: 31 | T95: 0.013194444 | U95: 0.0081481481 | V95: Inicia tarde | W95: Llega tarde | X95: Inicia tarde-Llega tarde | Y95: 31 | Z95: No | AA95: Angel Leaño T2 Y T3SANMINA GDL | AB95: PABLO F. | AC95: Felipe M. | AD95: SANMINA GDLAngel Leaño T2 Y T3 | AE95: E-SAN-R0454 | AF95: T2 | AG95: Angel Leaño T2 Y T3-R0454-12:30
A96: 14110799 | B96: 175421664 | C96: E-SAN-T2-R0497 | D96: Zapopan T2 y T3 | E96: N | F96: 497 | G96: 5461 | H96: IN | I96: SANMINA GDL | J96: 46235 | K96: 0.52083333 | L96: 0.52430556 | M96: done | N96: 46235 | O96: 0.60069444 | P96: 0.59111111 | Q96: done | R96: HERNANDEZ GARCIA VICTOR MANUEL | S96: 31 | T96: 0.0034722222 | U96: -0.0095833333 | V96: Inicia tarde | W96: Llega a Tiempo | X96: Inicia tarde-Llega a Tiempo | Y96: 31 | Z96: No | AA96: Zapopan T2 y T3SANMINA GDL | AB96: PABLO F. | AC96: Felipe M. | AD96: SANMINA GDLZapopan T2 y T3 | AE96: E-SAN-R0497 | AF96: T2 | AG96: Zapopan T2 y T3-R0497-12:30
A97: 14123066 | B97: 175411135 | C97: E-HPH-T2-R0005 | D97: Tetlan 2 | E97: N | F97: 5 | G97: 4441 | H97: IN | I97: HOSPITAL PUERTA DE HIERRO | J97: 46235 | K97: 0.52777778 | L97: 0.54097222 | M97: done | N97: 46235 | O97: 0.57638889 | P97: 0.58443287 | Q97: done | R97: MELCHOR DE JESUS LUIS RAFAEL | S97: 31 | T97: 0.013194444 | U97: 0.0080439815 | V97: Inicia tarde | W97: Llega tarde | X97: Inicia tarde-Llega tarde | Y97: 31 | Z97: No | AA97: Tetlan 2HOSPITAL PUERTA DE HIERRO | AB97: OSCAR I | AC97: Ilse M. | AD97: HOSPITAL PUERTA DE HIERROTetlan 2 | AE97: E-HPH-R0005 | AF97: T2 | AG97: Tetlan 2-R0005-12:40
A98: 14116431 | B98: 175412854 | C98: E-SK1-T2-R0029 | D98: Lomas del Sur | E98: N | F98: 29 | G98: 13858 | H98: IN | I98: SANMINA KAMPUS 16 | J98: 46235 | K98: 0.52777778 | L98: 0.53125 | M98: done | N98: 46235 | O98: 0.60069444 | P98: 0.5849537 | Q98: done | R98: JARAMILLO SANCHEZ MARCO ESTEBA | S98: 31 | T98: 0.0034722222 | U98: -0.015740741 | V98: Inicia tarde | W98: Llega a Tiempo | X98: Inicia tarde-Llega a Tiempo | Y98: 31 | Z98: No | AA98: Lomas del SurSANMINA KAMPUS 16 | AB98: BRIAN A. | AC98: Felipe M. | AD98: SANMINA KAMPUS 16Lomas del Sur | AE98: E-SK1-R0029 | AF98: T2 | AG98: Lomas del Sur-R0029-12:40
A99: 14115304 | B99: 175418247 | C99: E-SIG-T2-R0005 | D99: Salto | E99: N | F99: 5 | G99: 6258 | H99: IN | I99: SIGMA ALIMENTOS | J99: 46235 | K99: 0.52777778 | L99: 0.56666667 | M99: done | N99: 46235 | O99: 0.57291667 | Q99: start | R99: SANTOS MARTINEZ ARTURO | S99: 31 | T99: 0.038888889 | U99: -0.57291667 | V99: Inicia tarde | W99: Llega a Tiempo | X99: Inicia tarde-Llega a Tiempo | Y99: 31 | Z99: No | AA99: SaltoSIGMA ALIMENTOS | AB99: DAVID M | AC99: Ilse M. | AD99: SIGMA ALIMENTOS Salto | AE99: E-SIG-R0005 | AF99: T2 | AG99: Salto-R0005-12:40
A100: 14123275 | B100: 175406519 | C100: E-SAN-T2-R0060 | D100: Arquitectura | E100: N | F100: 60 | G100: 11209 | H100: IN | I100: SANMINA GDL | J100: 46235 | K100: 0.53472222 | L100: 0.54027778 | M100: done | N100: 46235 | O100: 0.60069444 | P100: 0.59989583 | Q100: done | R100: MARIN GARCIA OMAR SAMUEL | S100: 31 | T100: 0.0055555556 | U100: -0.00079861111 | V100: Inicia tarde | W100: Llega a Tiempo | X100: Inicia tarde-Llega a Tiempo | Y100: 31 | Z100: No | AA100: ArquitecturaSANMINA GDL | AB100: PABLO F. | AC100: Felipe M. | AD100: SANMINA GDLArquitectura | AE100: E-SAN-R0060 | AF100: T2 | AG100: Arquitectura-R0060-12:50
B101: 175406537 | C101: E-SAN-T2-R0068 | D101: Panteon | E101: N | F101: 68 | G101: 13416 | H101: IN | I101: SANMINA GDL | J101: 46235 | K101: 0.53472222 | L101: 0.53958333 | M101: done | N101: 46235 | O101: 0.60069444 | P101: 0.58216435 | Q101: done | R101: OPERADOR NO REGISTRADO | S101: 31 | T101: 0.0048611111 | U101: -0.018530093 | V101: Inicia tarde | W101: Llega a Tiempo | X101: Inicia tarde-Llega a Tiempo | Y101: 31 | Z101: No | AA101: PanteonSANMINA GDL | AB101: PABLO F. | AC101: Felipe M. | AD101: SANMINA GDLPanteon | AE101: E-SAN-R0068 | AF101: T2 | AG101: Panteon-R0068-12:50
A102: 14122709 | B102: 175406545 | C102: E-SAN-T2-R0071 | D102: Santa Cecilia | E102: N | F102: 71 | G102: 16003 | H102: IN | I102: SANMINA GDL | J102: 46235 | K102: 0.53472222 | L102: 0.68958333 | M102: done | N102: 46235 | O102: 0.60069444 | P102: 0.63881944 | Q102: done | R102: RUVALCABA ESTRADA GUSTAVO | S102: 31 | T102: 0.15486111 | U102: 0.038125 | V102: Inicia tarde | W102: Llega tarde | X102: Inicia tarde-Llega tarde | Y102: 31 | Z102: No | AA102: Santa CeciliaSANMINA GDL | AB102: PABLO F. | AC102: Felipe M. | AD102: SANMINA GDLSanta Cecilia | AE102: E-SAN-R0071 | AF102: T2 | AG102: Santa Cecilia-R0071-12:50
B103: 175413023 | C103: E-SM4-T2-R0082 | D103: Balcones de Santa Maria | E103: N | F103: 82 | G103: 13537 | H103: IN | I103: SANMINA TLAJOMULCO | J103: 46235 | K103: 0.53472222 | L103: 0.53888889 | M103: done | N103: 46235 | O103: 0.60069444 | P103: 0.58569444 | Q103: done | R103: OPERADOR NO REGISTRADO | S103: 31 | T103: 0.0041666667 | U103: -0.015 | V103: Inicia tarde | W103: Llega a Tiempo | X103: Inicia tarde-Llega a Tiempo | Y103: 31 | Z103: No | AA103: Balcones de Santa MariaSANMINA TLAJOMULCO | AB103: CUAUHTEMOC M. | AC103: Felipe M. | AD103: SANMINA TLAJOMULCOBalcones de Santa Maria | AE103: E-SM4-R0082 | AF103: T2 | AG103: Balcones de Santa Maria-R0082-12:50
A104: 14108916 | B104: 175413115 | C104: E-SM4-T2-R0117 | D104: Santa Fe 3 | E104: N | F104: 117 | G104: 16769 | H104: IN | I104: SANMINA TLAJOMULCO | J104: 46235 | K104: 0.53472222 | L104: 0.53888889 | M104: done | N104: 46235 | O104: 0.60069444 | P104: 0.58543981 | Q104: done | R104: RAMOS DELGADO FRANCISCO | S104: 31 | T104: 0.0041666667 | U104: -0.01525463 | V104: Inicia tarde | W104: Llega a Tiempo | X104: Inicia tarde-Llega a Tiempo | Y104: 31 | Z104: No | AA104: Santa Fe 3SANMINA TLAJOMULCO | AB104: CUAUHTEMOC M. | AC104: Felipe M. | AD104: SANMINA TLAJOMULCOSanta Fe 3 | AE104: E-SM4-R0117 | AF104: T2 | AG104: Santa Fe 3-R0117-12:50
A105: 14123528 | B105: 175418686 | C105: E-HLL-T2-R0043 | D105: Arvento | E105: N | F105: 43 | G105: 13010 | H105: IN | I105: HELLA GDL | J105: 46235 | K105: 0.53472222 | L105: 0.54027778 | M105: done | N105: 46235 | O105: 0.59375 | P105: 0.57850694 | Q105: done | R105: PEREZ SANCHEZ FRANCISCO JAVIER | S105: 31 | T105: 0.0055555556 | U105: -0.015243056 | V105: Inicia tarde | W105: Llega a Tiempo | X105: Inicia tarde-Llega a Tiempo | Y105: 31 | Z105: No | AA105: ArventoHELLA GDL | AB105: SIMON / EUGI | AC105: Ilse M. | AD105: HELLA GDLArvento | AE105: E-HLL-R0043 | AF105: T2 | AG105: Arvento-R0043-12:50
A106: 14104971 | B106: 175413095 | C106: E-SM4-T2-R0109 | D106: San Sebastian 1 T2 y T3 | E106: N | F106: 109 | G106: 5672 | H106: IN | I106: SANMINA TLAJOMULCO | J106: 46235 | K106: 0.53819444 | L106: 0.54166667 | M106: done | N106: 46235 | O106: 0.60069444 | P106: 0.58303241 | Q106: done | R106: GAYTAN HERNANDEZ PEDRO | S106: 31 | T106: 0.0034722222 | U106: -0.017662037 | V106: Inicia tarde | W106: Llega a Tiempo | X106: Inicia tarde-Llega a Tiempo | Y106: 31 | Z106: No | AA106: San Sebastian 1 T2 y T3SANMINA TLAJOMULCO | AB106: CUAUHTEMOC M. | AC106: Felipe M. | AD106: SANMINA TLAJOMULCOSan Sebastian 1 T2 y T3 | AE106: E-SM4-R0109 | AF106: T2 | AG106: San Sebastian 1 T2 y T3-R0109-12:55
A107: 14121791 | B107: 175416658 | C107: E-FOX-T2-R0022 | D107: Arcos Zapopan | E107: N | F107: 22 | G107: 14687 | H107: IN | I107: FOXCONN | J107: 46235 | K107: 0.53819444 | L107: 0.55208333 | M107: done | N107: 46235 | O107: 0.61458333 | P107: 0.61524306 | Q107: done | R107: SANCHEZ SANTIAGO IRAD BLASAMIR | S107: 31 | T107: 0.013888889 | U107: 0.00065972222 | V107: Inicia tarde | W107: Llega a Tiempo | X107: Inicia tarde-Llega a Tiempo | Y107: 31 | Z107: No | AA107: Arcos ZapopanFOXCONN | AB107: CANDELAS | AC107: Leopoldo V. | AD107: FOXCONNArcos Zapopan | AE107: E-FOX-R0022 | AF107: T2 | AG107: Arcos Zapopan-R0022-12:55
A108: 14122329 | B108: 175420990 | C108: E-SK1-T2-R0081 | D108: Santa Fe T2 | E108: N | F108: 81 | G108: 5425 | H108: IN | I108: SANMINA KAMPUS 16 | J108: 46235 | K108: 0.53819444 | L108: 0.55555556 | M108: done | N108: 46235 | O108: 0.60069444 | P108: 0.60855324 | Q108: done | R108: AMPARO RAMOS JOSE MANUEL | S108: 31 | T108: 0.017361111 | U108: 0.0078587963 | V108: Inicia tarde | W108: Llega tarde | X108: Inicia tarde-Llega tarde | Y108: 31 | Z108: No | AA108: Santa Fe T2SANMINA KAMPUS 16 | AB108: BRIAN A. | AC108: Felipe M. | AD108: SANMINA KAMPUS 16Santa Fe T2 | AE108: E-SK1-R0081 | AF108: T2 | AG108: Santa Fe T2-R0081-12:55
A109: 14107967 | B109: 175421031 | C109: E-SK1-T2-R0084 | D109: Chulavista 2 T2 | E109: N | F109: 84 | G109: 16734 | H109: IN | I109: SANMINA KAMPUS 16 | J109: 46235 | K109: 0.53819444 | L109: 0.54583333 | M109: done | N109: 46235 | O109: 0.60069444 | P109: 0.59614583 | Q109: done | R109: VAZQUEZ FLORES FABIAN | S109: 31 | T109: 0.0076388889 | U109: -0.0045486111 | V109: Inicia tarde | W109: Llega a Tiempo | X109: Inicia tarde-Llega a Tiempo | Y109: 31 | Z109: No | AA109: Chulavista 2 T2SANMINA KAMPUS 16 | AB109: BRIAN A. | AC109: Felipe M. | AD109: SANMINA KAMPUS 16Chulavista 2 T2 | AE109: E-SK1-R0084 | AF109: T2 | AG109: Chulavista 2 T2-R0084-12:55
...

Sheet ACUMULADO
A1: agrupador | B1: concepto | C1: clave | D1: nombre_completo | E1: importe | F1: periodo
A2: PRESTACIONES | B2: BONO DE RENDIMI | C2: 14100716 | D2: AMBRIZ MERCADO MARTIN | E2: 355.8 | F2: S33
A3: PRESTACIONES | B3: BONO DE RENDIMI | C3: 14106035 | D3: TAMAYO GONZALEZ CHRISTIAN JESUS | E3: 355.58 | F3: S33
A4: PRESTACIONES | B4: BONO DE RENDIMI | C4: 14118625 | D4: GUTIERREZ ROSALES ABNER ABRAHAM | E4: 355.58 | F4: S33
A5: PRESTACIONES | B5: BONO DE RENDIMI | C5: 14122681 | D5: FLORES RUIZ CLEMENTE | E5: 355.58 | F5: S33
A6: PRESTACIONES | B6: BONO DE RENDIMI | C6: 14122682 | D6: PONCE REYNOSO GILBERTO | E6: 355.58 | F6: S33
A7: PRESTACIONES | B7: BONO DE RENDIMI | C7: 14122994 | D7: TEPOSTE JIMENEZ MARCOS GUADALUPE | E7: 355.58 | F7: S33
A8: PRESTACIONES | B8: BONO DE RENDIMI | C8: 14123082 | D8: NAVARRO LEMUS LUIS ANGEL | E8: 355.58 | F8: S33
A9: PRESTACIONES | B9: BONO DE RENDIMI | C9: 14123145 | D9: ALVAREZ AGUILAR DIEGO ARTURO | E9: 355.58 | F9: S33
A10: PRESTACIONES | B10: BONO DE RENDIMI | C10: 14123332 | D10: LARA SANDOVAL JOSE MIGUEL | E10: 1422.32 | F10: S33
A11: PRESTACIONES | B11: BONO DE RENDIMI | C11: 14103470 | D11: DEL TORO MARTINEZ HECTOR JOSE | E11: 355.58 | F11: S33
A12: PRESTACIONES | B12: BONO DE RENDIMI | C12: 14110506 | D12: SALAZAR LOPEZ JOVANNY | E12: 355.58 | F12: S33
A13: PRESTACIONES | B13: BONO DE RENDIMI | C13: 14110604 | D13: DIAZ BLANQUET ROSA JANNET | E13: 355.58 | F13: S33
... A3713: PRESTACIONES | B3713: VIAJES ADICIONA2 | C3713: 14121571 | D3713: VILLALOBOS CURIEL ANDRES ALEJANDRO | E3713: 800 | F3713: S33

Sheet RENDIMIENTO
A2: CLAVE | B2: NOMBRE | C2: F.INGRESO | D2: UNIDAD | E2: META | F2: REDIMIENTO OBTENIDO | G2: TOTAL A PAGAR | H2: SEMANA DE RETROACTIVO
A3: 14100714 | B3: RAMIREZ RODRIGUEZ JESUS | C3: 2019-01-11 | D3: LIPU | E3: 3.5126734 | F3: 3.5967005 | G3: 355.58
A4: 14100718 | B4: MARTINEZ OCHOA PAULO | C4: 2017-05-01 | D4: LIPU | E4: 11.418646 | F4: 11.379 | G4: 0
A5: 14100721 | B5: GUTIERREZ VELEZ FRANCISCO | C5: 2021-07-08 | D5: LIPU | E5: 4.3532522 | F5: 3.9910251 | G5: 0
A6: 14100724 | B6: ORTIZ GARCIA LUIS ALBERTO | C6: 2017-05-01 | D6: LIPU | E6: 4.5080442 | F6: 5.3252909 | G6: 355.58
A7: 14100725 | B7: NAJAR LOPEZ JOSE SERGIO | C7: 2017-05-01 | D7: LIPU | E7: 4.436782 | F7: 4.749576 | G7: 355.58
A8: 14100726 | B8: GUZMAN MUNGUIA LUIS JAVIER | C8: 2017-05-01 | D8: LIPU | E8: 3.96182 | F8: 4.7084276 | G8: 355.58
A9: 14100727 | B9: ALONZO PEREZ JOSE REYES | C9: 2017-05-01 | D9: LIPU | E9: 4.9834409 | F9: 6.7414353 | G9: 355.58
A10: 14100729 | B10: LARIOS ALCARAZ EDUARDO | C10: 2017-05-01 | D10: LIPU | E10: Descansero | F10: Descansero | G10: 355.58
A11: 14100731 | B11: TABARES FLORES OSCAR ALEJANDRO | C11: 2022-09-02 | D11: LIPU | E11: 4.4326521 | F11: 4.9581321 | G11: 355.58
A12: 14100732 | B12: ROBLES DEADEL LAZARO | C12: 2017-05-01 | D12: LIPU | E12: 3.7835575 | F12: 5.1784205 | G12: 355.58
A13: 14100733 | B13: LINARES CISNEROS JOSE ANTONIO | C13: 2017-05-01 | D13: LIPU | E13: Descansero | F13: Descansero | G13: 355.58
A14: 14100740 | B14: OLIVARES HERNANDEZ GABRIEL | C14: 2021-11-17 | D14: LIPU | E14: 4.4923786 | F14: 5.4948638 | G14: 355.58
A15: 14100751 | B15: FLORES GARCIA PEDRO | C15: 2025-10-10 | D15: LIPU | E15: 3.96 | F15: 4.07 | G15: 355.58
A16: 14100777 | B16: GONZALEZ MANZO JAVIER OSWALDO | C16: 2017-05-01 | D16: LIPU | E16: Descansero | F16: Descansero | G16: 355.58
A17: 14100787 | B17: YEPEZ VAZQUEZ JOAN | C17: 2017-05-01 | D17: LIPU | E17: 3.7922536 | F17: 5.1406174 | G17: 355.58
A18: 14100795 | B18: BALTAZAR MENDOZA HORACIO | C18: 2017-05-01 | D18: LIPU | E18: 4.662251 | F18: 4.018721 | G18: 0
A19: 14100798 | B19: CARRILLO REYNOSO JESUS ALEJANDRO | C19: 2017-05-01 | D19: LIPU | E19: 4.0644462 | F19: 5.0306612 | G19: 355.58
A20: 14100807 | B20: OSORIO HERNANDEZ DOMINGO | C20: 2023-05-12 | D20: LIPU | E20: 4.7317431 | F20: 6.2797497 | G20: 355.58
A21: 14100823 | B21: FLORES ENRIQUEZ JUAN PABLO | C21: 2024-08-05 | D21: LIPU | E21: Descansero | F21: Descansero | G21: 355.58
A22: 14100842 | B22: BECERRA LUNA GUILLERMO | C22: 2017-05-01 | D22: LIPU | E22: Descansero | F22: Descansero | G22: 355.58
A23: 14100843 | B23: LOPEZ RAYMUNDO ROBERTO | C23: 2025-03-07 | D23: LIPU | E23: 3.5970917 | F23: 4.1459307 | G23: 355.58
A24: 14100858 | B24: REYNAGA SANCHEZ MARIO | C24: 2025-06-06 | D24: LIPU | E24: 3.7292467 | F24: 4.774209 | G24: 355.58
A25: 14100863 | B25: MARTINEZ ZAVALA FRANCISCO ESPIRIDION | C25: 2017-05-01 | D25: LIPU | E25: Retroactivo | F25: Retroactivo | G25: 711.16
A26: 14100897 | B26: CRUZ GUTIERREZ ALFREDO | C26: 2025-05-09 | D26: LIPU | E26: 4.0121683 | F26: 3.6816731 | G26: 0
A27: 14100902 | B27: SANCHEZ PONCE JOSE ALBERTO | C27: 2025-12-31 | D27: LIPU | E27: 4.0414963 | F27: 5.200803 | G27: 355.58
A28: 14101881 | B28: MORALES AGUILAR ALBERTO | C28: 2017-05-24 | D28: LIPU | E28: 3.9 | F28: 4.898404 | G28: 355.58
A29: 14101984 | B29: TABARES VAZQUEZ MARTIN | C29: 2018-11-29 | D29: LIPU | E29: 4.1883124 | F29: 5.032933 | G29: 355.58
A30: 14102081 | B30: OLEA SANCHEZ JOSE LUIS | C30: 2017-07-07 | D30: LIPU | E30: 7.0119567 | F30: 7.0810594 | G30: 355.58
A31: 14102288 | B31: RAMOS ANGUIANO SERGIO DAVID | C31: 2017-08-15 | D31: LIPU | E31: Descansero | F31: Descansero | G31: 355.58
A32: 14102701 | B32: ORTIZ HERNANDEZ JESUS GUADALUPE | C32: 2017-11-06 | D32: LIPU | E32: Descansero | F32: Descansero | G32: 355.58
A33: 14102730 | B33: ESTRADA ALVAREZ FERNANDO | C33: 2017-11-13 | D33: LIPU | E33: Retroactivo | F33: Retroactivo | G33: 355.58
A34: 14102875 | B34: LARIOS SANCHEZ HECTOR ALEXANDER | C34: 2017-12-20 | D34: LIPU | E34: 2.8043955 | F34: 3.9897073 | G34: 355.58
A35: 14102890 | B35: GONZALEZ VALENCIA BARTOLO | C35: 2017-12-21 | D35: LIPU | E35: 4.5700688 | F35: 5.5428299 | G35: 355.58
A36: 14103061 | B36: SANCHEZ PEREZ CARLOS FORTINO | C36: 2023-06-01 | D36: LIPU | E36: 3.6322725 | F36: 4.3610519 | G36: 355.58
A37: 14103106 | B37: CORTES ARMENTA HERNAN | C37: 2018-02-02 | D37: LIPU | E37: 4.0644255 | F37: 5.164819 | G37: 355.58
A38: 14103183 | B38: HERNANDEZ RON BLANCA HERLINDA | C38: 2018-02-27 | D38: LIPU | E38: 3.7173108 | F38: 4.233 | G38: 355.58
A39: 14103335 | B39: RIVERA MARTINEZ GUSTAVO | C39: 2018-04-09 | D39: LIPU | E39: 3.6673041 | F39: 4.3362235 | G39: 355.58
A40: 14103470 | B40: DEL TORO MARTINEZ HECTOR JOSE | C40: 2026-06-13 | D40: LIPU | E40: 4.4612301 | F40: 4.8965182 | G40: 355.58
A41: 14103679 | B41: BAUTISTA SOLORIO JAIME | C41: 2018-06-29 | D41: LIPU | E41: 10.744593 | F41: 13.602047 | G41: 355.58
A42: 14103936 | B42: GUTIERREZ GALINDO CARLOS DE JESUS | C42: 2025-08-23 | D42: LIPU | E42: 3.8079331 | F42: 4.248516 | G42: 355.58
A43: 14103952 | B43: HERNANDEZ ORTEGA RAUL | C43: 2018-08-23 | D43: LIPU | E43: 5.3293255 | F43: 6.2001872 | G43: 355.58
A44: 14104315 | B44: SERRANO MACHUCA MARTIN DE JESUS | C44: 2025-10-31 | D44: LIPU | E44: 3.8690531 | F44: 5.1233679 | G44: 355.58
A45: 14104316 | B45: COBIAN AYALA EDGAR | C45: 2022-11-16 | D45: LIPU | E45: 3.613414 | F45: 4.079952 | G45: 355.58
A46: 14104599 | B46: TORRES GUARDADO JOSE LUIS | C46: 2023-03-09 | D46: LIPU | E46: Descansero | F46: Descansero | G46: 355.58
A47: 14104822 | B47: HERNANDEZ CRUZ ERNESTO | C47: 2019-03-06 | D47: LIPU | E47: 3.5864635 | F47: 4.0163867 | G47: 355.58
A48: 14104839 | B48: CASTRO GUIZAR DANIEL HUMBERTO | C48: 2025-03-14 | D48: LIPU | E48: 3.4191053 | F48: 4.2266015 | G48: 355.58
A49: 14104853 | B49: CAUDILLO CORONADO MARTIN | C49: 2024-11-12 | D49: LIPU | E49: 9.5058736 | F49: 9.158621 | G49: 0
A50: 14104932 | B50: MARROQUIN ACEVES MARCOS GUILLERMO | C50: 2019-04-01 | D50: LIPU | E50: 4.9189447 | F50: 5.1132183 | G50: 355.58
A51: 14104957 | B51: RODRIGUEZ ORTIZ JOSE MANUEL | C51: 2025-09-13 | D51: LIPU | E51: Descansero | F51: Descansero | G51: 355.58
A52: 14104971 | B52: GAYTAN HERNANDEZ PEDRO | C52: 2019-04-15 | D52: LIPU | E52: Descansero | F52: Descansero | G52: 355.58
A53: 14105437 | B53: VAZQUEZ SALAS GILBERTO | C53: 2023-04-01 | D53: LIPU | E53: 4.1343215 | F53: 4.881958 | G53: 355.58
A54: 14105531 | B54: RANGEL RAMIREZ RODOLFO IVAN | C54: 2023-03-24 | D54: LIPU | E54: 10.54 | F54: 10.909102 | G54: 355.58
A55: 14105586 | B55: RAMIREZ FLORES JOSE DE JESUS | C55: 2019-09-06 | D55: LIPU | E55: 4.0616272 | F55: 4.7715985 | G55: 355.58
A56: 14105645 | B56: DIAZ RAMOS ISMAEL | C56: 2024-06-12 | D56: LIPU | E56: Retroactivo | F56: Retroactivo | G56: 355.58
A57: 14106033 | B57: HERNANDEZ PEREZ FRANCISCO JAVIER | C57: 2020-01-22 | D57: LIPU | E57: 4.2936834 | F57: 5.4357514 | G57: 355.58
A58: 14106066 | B58: PLASCENCIA ESQUIVEL FRANCISCO | C58: 2020-01-30 | D58: LIPU | E58: 8.0738597 | F58: 9.4704689 | G58: 355.58
A59: 14106233 | B59: ACEVEDO MARTINEZ JORGE | C59: 2025-11-22 | D59: LIPU | E59: 3.8100081 | F59: 4.449905 | G59: 355.58
A60: 14106368 | B60: SANTANA ARAIZA SANTIAGO | C60: 2020-04-07 | D60: LIPU | E60: 4.8095742 | F60: 5.6617929 | G60: 355.58
A61: 14106438 | B61: GAYTAN PINEDO CARLOS ENRIQUE | C61: 2020-05-19 | D61: LIPU | E61: 3.5516893 | F61: 4.0207298 | G61: 355.58
A62: 14106778 | B62: CABALLERO ANGUIANO SERGIO | C62: 2020-07-24 | D62: LIPU | E62: 4.0577554 | F62: 3.6437733 | G62: 0
A63: 14106949 | B63: SOTELO AVIÑA MICHEL ALEJANDRO | C63: 2020-09-21 | D63: LIPU | E63: 9.2205582 | F63: 10.698782 | G63: 355.58
A64: 14106980 | B64: LOPEZ GODOY ENRIQUE | C64: 2020-09-28 | D64: LIPU | E64: 3.6795202 | F64: 4.044431 | G64: 355.58
A65: 14107081 | B65: RAMIREZ RUIZ RAUL | C65: 2020-11-01 | D65: LIPU | E65: 4.7166345 | F65: 8.398 | G65: 355.58
A66: 14107167 | B66: MENDEZ RUIZ BENJAMIN FRANCISCO | C66: 2020-11-20 | D66: LIPU | E66: 3.3935115 | F66: 4.8860032 | G66: 355.58
A67: 14107202 | B67: ANGUIANO OCAMPO JOSE GUADALUPE | C67: 2023-03-17 | D67: LIPU | E67: 4.1879117 | F67: 5.0926202 | G67: 355.58
A68: 14107206 | B68: HERNANDEZ CHAVEZ FERNANDO | C68: 2020-12-07 | D68: LIPU | E68: Descansero | F68: Descansero | G68: 355.58
A69: 14107217 | B69: GARCIA PEREZ ALFONSO | C69: 2020-12-08 | D69: LIPU | E69: 3.487669 | F69: 4.0041428 | G69: 355.58
A70: 14107271 | B70: PEREZ CASTILLO GABRIEL | C70: 2020-12-23 | D70: LIPU | E70: Descansero | F70: Descansero | G70: 355.58
A71: 14107293 | B71: MAGAÑA CONTRERAS JOSE LUIS | C71: 2025-01-16 | D71: LIPU | E71: Descansero | F71: Descansero | G71: 355.58
A72: 14107393 | B72: GUERRERO CORTES SERGIO RICARDO | C72: 2021-01-28 | D72: LIPU | E72: Retroactivo | F72: Retroactivo | G72: 711.16
A73: 14107484 | B73: LOPEZ VELASCO MARIO | C73: 2021-02-18 | D73: LIPU | E73: 4.8481517 | F73: 5.3562778 | G73: 355.58
A74: 14107552 | B74: PACHECO SALCEDO FERNANDO | C74: 2021-03-04 | D74: LIPU | E74: 4.4563436 | F74: 5.7138949 | G74: 355.58
A75: 14107735 | B75: ZEPEDA GUERRERO JUAN CARLOS | C75: 2021-04-16 | D75: LIPU | E75: Retroactivo | F75: Retroactivo | G75: 355.58
A76: 14107754 | B76: GARCIA DE LA TORRE LEONARDO | C76: 2021-04-22 | D76: LIPU | E76: 4.8052375 | F76: 5.5456788 | G76: 355.58
A77: 14107840 | B77: CONTRERAS DAVILA DANIEL | C77: 2021-05-12 | D77: LIPU | E77: 11.204975 | F77: 12.878319 | G77: 355.58
A78: 14107967 | B78: VAZQUEZ FLORES FABIAN | C78: 2021-06-10 | D78: LIPU | E78: 3.7125854 | F78: 4.5335784 | G78: 355.58
A79: 14107978 | B79: LIRA LOPEZ LUIS ANGEL | C79: 2021-06-11 | D79: LIPU | E79: Descansero | F79: Descansero | G79: 355.58
A80: 14108111 | B80: LUNA SANDOVAL DAVID | C80: 2021-07-02 | D80: LIPU | E80: 4.5563783 | F80: 5.6741746 | G80: 355.58
A81: 14108150 | B81: IBARRA PEREZ MARTIN | C81: 2021-07-09 | D81: LIPU | E81: 4.7216407 | F81: 5.1535842 | G81: 355.58
A82: 14108222 | B82: TELLES PADILLA JOSE MANUEL | C82: 2021-07-21 | D82: LIPU | E82: 3.3264274 | F82: 4.1529181 | G82: 355.58
A83: 14108267 | B83: MUÑOZ SANTACRUZ JUAN PABLO | C83: 2021-07-28 | D83: LIPU | E83: 7.7937372 | F83: 7.6856358 | G83: 0
A84: 14108271 | B84: DE LA ROSA OCEGUEDA JUAN GUADALUPE | C84: 2021-07-28 | D84: LIPU | E84: 4.5407818 | F84: 4.9724057 | G84: 355.58
A85: 14108361 | B85: VILLEGAS HUIZAR FERNANDO | C85: 2021-08-06 | D85: LIPU | E85: Descansero | F85: Descansero | G85: 355.58
A86: 14108382 | B86: ROSALES SANDOVAL LUIS AARON | C86: 2021-08-06 | D86: LIPU | E86: 7.9219754 | F86: 13.27616 | G86: 355.58
A87: 14108483 | B87: ZAVALA NAVARRO SAUL | C87: 2021-08-13 | D87: LIPU | E87: 3.5514511 | F87: 3.0482582 | G87: 0
A88: 14108552 | B88: ZUÑIGA HERNANDEZ OSCAR FRANCISCO | C88: 2023-11-14 | D88: LIPU | E88: 8.7869923 | F88: 11.96256 | G88: 355.58
A89: 14108553 | B89: MARTINEZ LOPEZ JORGE ANTONIO | C89: 2024-06-03 | D89: LIPU | E89: Descansero | F89: Descansero | G89: 355.58
A90: 14108571 | B90: BELTRAN OLIVARES NESTOR ARMANDO | C90: 2021-08-20 | D90: LIPU | E90: 4.4036493 | F90: 5.0284213 | G90: 355.58
A91: 14108775 | B91: PARRA COBIAN OSCAR | C91: 2024-10-25 | D91: LIPU | E91: 7.7263121 | F91: 7.927131 | G91: 355.58
A92: 14108828 | B92: BARAJAS SALDAÑA JUAN | C92: 2025-03-14 | D92: LIPU | E92: 8.2783842 | F92: 8.9816465 | G92: 355.58
A93: 14108916 | B93: RAMOS DELGADO FRANCISCO | C93: 2021-10-06 | D93: LIPU | E93: 3.4882064 | F93: 4.974137 | G93: 355.58
A94: 14109032 | B94: GARCIA PRECIADO ANTONIO | C94: 2021-10-28 | D94: LIPU | E94: 3.8710509 | F94: 4.0309925 | G94: 355.58
A95: 14109097 | B95: VAZQUEZ CERVANTES JOSE MAURICIO | C95: 2021-11-08 | D95: LIPU | E95: 4.6120013 | F95: 5.2451865 | G95: 355.58
A96: 14109131 | B96: GONZALEZ FLOREZ SALVADOR | C96: 2021-11-08 | D96: LIPU | E96: 4.3749427 | F96: 5.0441001 | G96: 355.58
A97: 14109133 | B97: RENTERIA GUTIERREZ JUAN MANUEL | C97: 2021-11-08 | D97: LIPU | E97: 4.421236 | F97: 4.5 | G97: 355.58
A98: 14109134 | B98: GODINEZ CONTRERAS SERGIO ALEJANDRO | C98: 2021-11-08 | D98: LIPU | E98: 4.813229 | F98: 5.3184328 | G98: 355.58
A99: 14109378 | B99: NAVARRO MEZA JULIAN | C99: 2021-12-21 | D99: LIPU | E99: 4.3904208 | F99: 5.2559727 | G99: 355.58
A100: 14109408 | B100: DE LA CRUZ CHAVEZ LUIS DAVID | C100: 2022-01-04 | D100: LIPU | E100: 9.5058736 | F100: 9.665296 | G100: 355.58
A101: 14109430 | B101: LOPEZ ARIAS FERNANDO | C101: 2022-01-10 | D101: LIPU | E101: 9.5058736 | F101: 13.199804 | G101: 355.58
...

Sheet BONOS
F1: 2002 AL 2015 4.30 | K1: SINIESTROS | L1: QUEJAS | M1: PUNTUALIDAD | N1: SCORE | O1: LOGUEO
A2: SEMANA 33 | F2: camion | K2: 134.18 | L2: 134.18 | N2: 200 | O2: 177.44
K4: 69639.42 | L4: 67895.08 | M4: 0 | N4: 48200 | O4: 50215.52 | P4: 0 | Q4: 0 | R4: 0 | S4: 235950.02
E5: CON/SIN | F5: CON/SIN | G5: TOTAL | H5: OK/NO | I5: OK/NO | J5: LOGUEO/NO LOGUEO | K5: TOTAL FORMULADO OBTENIDO | S5: TOTAL FORMULADO
A6: CLAVE | B6: NOMBRE | C6: F.INGRESO | D6: UNIDAD | E6: SINIESTROS | F6: QUEJAS | G6: SCORE OBTENIDO | H6: BONO SCORE | I6: PUNTUALIDAD | J6: BONO LOGUEO | K6: BONO SINIESTROS | L6: BONO QUEJAS | M6: BONO PUNTUALIDAD | N6: BONO SCORE1 | O6: BONO LOGUEO1 | P6: TOTAL BONO | Q6: DETALLE(FECHA DE SINIESTRO) | R6: OBSERVACIONES | S6: TOTAL B.DESEMPEÑO | U6: CONFIRMACIÓN DE VIAJE | V6: GUARDIA
A7: 14100714 | B7: RAMIREZ RODRIGUEZ JESUS | C7: 2019-01-11 | D7: LIPU | E7: SIN SINIESTRO | F7: SIN QUEJA | G7: 95 | H7: OK | I7: OK | J7: LOGUEO | K7: 134.18 | L7: 134.18 | N7: 200 | O7: 177.44 | S7: 645.8 | U7: BONO | V7: NO
A8: 14100718 | B8: MARTINEZ OCHOA PAULO | C8: 2017-05-01 | D8: LIPU | E8: SIN SINIESTRO | F8: SIN QUEJA | G8: 91 | H8: OK | I8: NO | J8: LOGUEO | K8: 134.18 | L8: 134.18 | N8: 0 | O8: 0 | S8: 268.36 | U8: BONO | V8: NO
A9: 14100721 | B9: GUTIERREZ VELEZ FRANCISCO | C9: 2021-07-08 | D9: LIPU | E9: SIN SINIESTRO | F9: SIN QUEJA | G9: 84 | H9: NO | I9: NO | J9: LOGUEO | K9: 134.18 | L9: 134.18 | N9: 0 | O9: 0 | S9: 268.36 | U9: BONO | V9: NO
A10: 14100724 | B10: ORTIZ GARCIA LUIS ALBERTO | C10: 2017-05-01 | D10: LIPU | E10: SIN SINIESTRO | F10: SIN QUEJA | G10: 95 | H10: OK | I10: OK | J10: LOGUEO | K10: 134.18 | L10: 134.18 | N10: 200 | O10: 177.44 | S10: 645.8 | U10: BONO | V10: NO
A11: 14100725 | B11: NAJAR LOPEZ JOSE SERGIO | C11: 2017-05-01 | D11: LIPU | E11: SIN SINIESTRO | F11: SIN QUEJA | G11: 93 | H11: OK | I11: NO | J11: LOGUEO | K11: 134.18 | L11: 134.18 | N11: 0 | O11: 0 | S11: 268.36 | U11: BONO | V11: NO
A12: 14100726 | B12: GUZMAN MUNGUIA LUIS JAVIER | C12: 2017-05-01 | D12: LIPU | E12: SIN SINIESTRO | F12: SIN QUEJA | G12: 95 | H12: OK | I12: OK | J12: LOGUEO | K12: 134.18 | L12: 134.18 | N12: 200 | O12: 177.44 | S12: 645.8 | U12: BONO | V12: NO
A13: 14100727 | B13: ALONZO PEREZ JOSE REYES | C13: 2017-05-01 | D13: LIPU | E13: SIN SINIESTRO | F13: SIN QUEJA | G13: 92 | H13: OK | I13: NO | J13: LOGUEO | K13: 134.18 | L13: 134.18 | N13: 0 | O13: 0 | S13: 268.36 | U13: BONO | V13: NO
A14: 14100729 | B14: LARIOS ALCARAZ EDUARDO | C14: 2017-05-01 | D14: LIPU | E14: SIN SINIESTRO | F14: SIN QUEJA | G14: 88 | H14: NO | I14: NO | J14: LOGUEO | K14: 134.18 | L14: 134.18 | N14: 0 | O14: 0 | S14: 268.36 | U14: BONO | V14: NO
A15: 14100731 | B15: TABARES FLORES OSCAR ALEJANDRO | C15: 2022-09-02 | D15: LIPU | E15: SIN SINIESTRO | F15: SIN QUEJA | G15: 91 | H15: OK | I15: NO | J15: LOGUEO | K15: 134.18 | L15: 134.18 | N15: 0 | O15: 0 | S15: 268.36 | U15: BONO | V15: NO
A16: 14100732 | B16: ROBLES DEADEL LAZARO | C16: 2017-05-01 | D16: LIPU | E16: SIN SINIESTRO | F16: SIN QUEJA | G16: 92 | H16: OK | I16: OK | J16: LOGUEO | K16: 134.18 | L16: 134.18 | N16: 200 | O16: 177.44 | S16: 645.8 | U16: BONO | V16: NO
A17: 14100733 | B17: LINARES CISNEROS JOSE ANTONIO | C17: 2017-05-01 | D17: LIPU | E17: SIN SINIESTRO | F17: SIN QUEJA | G17: 94 | H17: OK | I17: NO | J17: LOGUEO | K17: 134.18 | L17: 134.18 | N17: 0 | O17: 0 | S17: 268.36 | U17: BONO | V17: NO
A18: 14100740 | B18: OLIVARES HERNANDEZ GABRIEL | C18: 2021-11-17 | D18: LIPU | E18: SIN SINIESTRO | F18: SIN QUEJA | G18: 93 | H18: OK | I18: NO | J18: LOGUEO | K18: 134.18 | L18: 134.18 | N18: 0 | O18: 0 | S18: 268.36 | U18: BONO | V18: NO
A19: 14100751 | B19: FLORES GARCIA PEDRO | C19: 2025-10-10 | D19: LIPU | E19: SIN SINIESTRO | F19: SIN QUEJA | G19: 90 | H19: OK | I19: OK | J19: LOGUEO | K19: 134.18 | L19: 134.18 | N19: 200 | O19: 177.44 | S19: 645.8 | U19: BONO | V19: NO
A20: 14100777 | B20: GONZALEZ MANZO JAVIER OSWALDO | C20: 2017-05-01 | D20: LIPU | E20: SIN SINIESTRO | F20: SIN QUEJA | H20: NO | I20: OK | J20: NO LOGUEO | K20: 0 | L20: 0 | N20: 0 | O20: 0 | S20: 0 | U20: NO | V20: NO
A21: 14100787 | B21: YEPEZ VAZQUEZ JOAN | C21: 2017-05-01 | D21: LIPU | E21: SIN SINIESTRO | F21: SIN QUEJA | G21: 92 | H21: OK | I21: NO | J21: LOGUEO | K21: 134.18 | L21: 134.18 | N21: 0 | O21: 0 | S21: 268.36 | U21: BONO | V21: NO
A22: 14100795 | B22: BALTAZAR MENDOZA HORACIO | C22: 2017-05-01 | D22: LIPU | E22: SIN SINIESTRO | F22: SIN QUEJA | G22: 92 | H22: OK | I22: OK | J22: NO LOGUEO | K22: 134.18 | L22: 134.18 | N22: 200 | O22: 0 | S22: 468.36 | U22: BONO | V22: NO
A23: 14100798 | B23: CARRILLO REYNOSO JESUS ALEJANDRO | C23: 2017-05-01 | D23: LIPU | E23: SIN SINIESTRO | F23: SIN QUEJA | G23: 95 | H23: OK | I23: OK | J23: LOGUEO | K23: 134.18 | L23: 134.18 | N23: 200 | O23: 177.44 | S23: 645.8 | U23: BONO | V23: NO
A24: 14100807 | B24: OSORIO HERNANDEZ DOMINGO | C24: 2023-05-12 | D24: LIPU | E24: SIN SINIESTRO | F24: SIN QUEJA | G24: 92 | H24: OK | I24: OK | J24: LOGUEO | K24: 134.18 | L24: 134.18 | N24: 200 | O24: 177.44 | S24: 645.8 | U24: BONO | V24: NO
A25: 14100823 | B25: FLORES ENRIQUEZ JUAN PABLO | C25: 2024-08-05 | D25: LIPU | E25: SIN SINIESTRO | F25: SIN QUEJA | G25: 94 | H25: OK | I25: OK | J25: LOGUEO | K25: 134.18 | L25: 134.18 | N25: 200 | O25: 177.44 | S25: 645.8 | U25: BONO | V25: GUARDIA
A26: 14100842 | B26: BECERRA LUNA GUILLERMO | C26: 2017-05-01 | D26: LIPU | E26: SIN SINIESTRO | F26: SIN QUEJA | H26: NO | I26: OK | J26: NO LOGUEO | K26: 0 | L26: 0 | N26: 0 | O26: 0 | S26: 0 | U26: NO | V26: NO
A27: 14100843 | B27: LOPEZ RAYMUNDO ROBERTO | C27: 2025-03-07 | D27: LIPU | E27: SIN SINIESTRO | F27: SIN QUEJA | G27: 92 | H27: OK | I27: NO | J27: LOGUEO | K27: 134.18 | L27: 134.18 | N27: 0 | O27: 0 | S27: 268.36 | U27: BONO | V27: NO
A28: 14100858 | B28: REYNAGA SANCHEZ MARIO | C28: 2025-06-06 | D28: LIPU | E28: SIN SINIESTRO | F28: SIN QUEJA | G28: 93 | H28: OK | I28: OK | J28: LOGUEO | K28: 134.18 | L28: 134.18 | N28: 200 | O28: 177.44 | S28: 645.8 | U28: BONO | V28: NO
A29: 14100863 | B29: MARTINEZ ZAVALA FRANCISCO ESPIRIDION | C29: 2017-05-01 | D29: LIPU | E29: SIN SINIESTRO | F29: SIN QUEJA | G29: 95 | H29: OK | I29: OK | J29: LOGUEO | K29: 134.18 | L29: 134.18 | N29: 200 | O29: 177.44 | S29: 645.8 | U29: BONO | V29: NO
A30: 14100897 | B30: CRUZ GUTIERREZ ALFREDO | C30: 2025-05-09 | D30: LIPU | E30: SIN SINIESTRO | F30: SIN QUEJA | G30: 93 | H30: OK | I30: OK | J30: LOGUEO | K30: 134.18 | L30: 134.18 | N30: 200 | O30: 177.44 | S30: 645.8 | U30: BONO | V30: NO
A31: 14100902 | B31: SANCHEZ PONCE JOSE ALBERTO | C31: 2025-12-31 | D31: LIPU | E31: SIN SINIESTRO | F31: SIN QUEJA | G31: 89 | H31: NO | I31: OK | J31: LOGUEO | K31: 134.18 | L31: 134.18 | N31: 0 | O31: 177.44 | S31: 445.8 | U31: BONO | V31: NO
A32: 14101881 | B32: MORALES AGUILAR ALBERTO | C32: 2017-05-24 | D32: LIPU | E32: SIN SINIESTRO | F32: SIN QUEJA | G32: 89 | H32: NO | I32: NO | J32: LOGUEO | K32: 134.18 | L32: 134.18 | N32: 0 | O32: 0 | S32: 268.36 | U32: BONO | V32: NO
A33: 14101984 | B33: TABARES VAZQUEZ MARTIN | C33: 2018-11-29 | D33: LIPU | E33: SIN SINIESTRO | F33: SIN QUEJA | G33: 87 | H33: NO | I33: OK | J33: NO LOGUEO | K33: 134.18 | L33: 134.18 | N33: 0 | O33: 0 | S33: 268.36 | U33: BONO | V33: NO
A34: 14102081 | B34: OLEA SANCHEZ JOSE LUIS | C34: 2017-07-07 | D34: LIPU | E34: SIN SINIESTRO | F34: SIN QUEJA | G34: 89 | H34: NO | I34: OK | J34: NO LOGUEO | K34: 0 | L34: 0 | N34: 0 | O34: 0 | S34: 0 | U34: NO | V34: NO
A35: 14102288 | B35: RAMOS ANGUIANO SERGIO DAVID | C35: 2017-08-15 | D35: LIPU | E35: SIN SINIESTRO | F35: SIN QUEJA | G35: 94 | H35: OK | I35: OK | J35: LOGUEO | K35: 134.18 | L35: 134.18 | N35: 200 | O35: 177.44 | S35: 645.8 | U35: BONO | V35: NO
A36: 14102701 | B36: ORTIZ HERNANDEZ JESUS GUADALUPE | C36: 2017-11-06 | D36: LIPU | E36: SIN SINIESTRO | F36: SIN QUEJA | G36: 87 | H36: NO | I36: NO | J36: LOGUEO | K36: 134.18 | L36: 134.18 | N36: 0 | O36: 0 | S36: 268.36 | U36: BONO | V36: NO
A37: 14102730 | B37: ESTRADA ALVAREZ FERNANDO | C37: 2017-11-13 | D37: LIPU | E37: SIN SINIESTRO | F37: SIN QUEJA | G37: 95 | H37: OK | I37: OK | J37: LOGUEO | K37: 134.18 | L37: 134.18 | N37: 200 | O37: 177.44 | S37: 645.8 | U37: BONO | V37: NO
A38: 14102875 | B38: LARIOS SANCHEZ HECTOR ALEXANDER | C38: 2017-12-20 | D38: LIPU | E38: SIN SINIESTRO | F38: SIN QUEJA | G38: 93 | H38: OK | I38: NO | J38: LOGUEO | K38: 134.18 | L38: 134.18 | N38: 0 | O38: 0 | S38: 268.36 | U38: BONO | V38: GUARDIA
... A65: 14106438 | B65: GAYTAN PINEDO CARLOS ENRIQUE | C65: 2020-05-19 | D65: LIPU | E65: SIN SINIESTRO | F65: SIN QUEJA | G65: 95 | H65: OK | I65: NO | J65: LOGUEO | K65: 134.18 | L65: 134.18 | N65: 0 | O65: 0 | S65: 268.36 | U65: BONO | V65: NO
A66: 14106778 | B66: CABALLERO ANGUIANO SERGIO | C66: 2020-07-24 | D66: LIPU | E66: SIN SINIESTRO | F66: SIN QUEJA | H66: NO | I66: OK | J66: NO LOGUEO | K66: 0 | L66: 0 | N66: 0 | O66: 0 | S66: 0 | U66: NO | V66: NO
A67: 14106949 | B67: SOTELO AVIÑA MICHEL ALEJANDRO | C67: 2020-09-21 | D67: LIPU | E67: SIN SINIESTRO | F67: SIN QUEJA | G67: 95 | H67: OK | I67: OK | J67: LOGUEO | K67: 134.18 | L67: 134.18 | N67: 200 | O67: 177.44 | S67: 645.8 | U67: BONO | V67: NO
A68: 14106980 | B68: LOPEZ GODOY ENRIQUE | C68: 2020-09-28 | D68: LIPU | E68: SIN SINIESTRO | F68: SIN QUEJA | G68: 95 | H68: OK | I68: OK | J68: LOGUEO | K68: 134.18 | L68: 134.18 | N68: 200 | O68: 177.44 | S68: 645.8 | U68: BONO | V68: NO
A69: 14107081 | B69: RAMIREZ RUIZ RAUL | C69: 2020-11-01 | D69: LIPU | E69: SIN SINIESTRO | F69: SIN QUEJA | G69: 94 | H69: OK | I69: NO | J69: LOGUEO | K69: 134.18 | L69: 134.18 | N69: 0 | O69: 0 | S69: 268.36 | U69: BONO | V69: NO
A70: 14107167 | B70: MENDEZ RUIZ BENJAMIN FRANCISCO | C70: 2020-11-20 | D70: LIPU | E70: SIN SINIESTRO | F70: SIN QUEJA | G70: 94 | H70: OK | I70: NO | J70: LOGUEO | K70: 134.18 | L70: 134.18 | N70: 0 | O70: 0 | S70: 268.36 | U70: BONO | V70: NO
A71: 14107202 | B71: ANGUIANO OCAMPO JOSE GUADALUPE | C71: 2023-03-17 | D71: LIPU | E71: SIN SINIESTRO | F71: SIN QUEJA | H71: NO | I71: OK | J71: NO LOGUEO | K71: 0 | L71: 0 | N71: 0 | O71: 0 | S71: 0 | U71: NO | V71: NO
A72: 14107206 | B72: HERNANDEZ CHAVEZ FERNANDO | C72: 2020-12-07 | D72: LIPU | E72: SIN SINIESTRO | F72: SIN QUEJA | G72: 93 | H72: OK | I72: NO | J72: LOGUEO | K72: 134.18 | L72: 134.18 | N72: 0 | O72: 0 | S72: 268.36 | U72: BONO | V72: NO
A73: 14107217 | B73: GARCIA PEREZ ALFONSO | C73: 2020-12-08 | D73: LIPU | E73: SIN SINIESTRO | F73: CON QUEJA | G73: 93 | H73: OK | I73: NO | J73: LOGUEO | K73: 134.18 | L73: 0 | N73: 0 | O73: 0 | S73: 134.18 | U73: BONO | V73: NO
A74: 14107271 | B74: PEREZ CASTILLO GABRIEL | C74: 2020-12-23 | D74: LIPU | E74: SIN SINIESTRO | F74: SIN QUEJA | G74: 82 | H74: NO | I74: OK | J74: NO LOGUEO | K74: 134.18 | L74: 134.18 | N74: 0 | O74: 0 | S74: 268.36 | U74: BONO | V74: NO
A75: 14107293 | B75: MAGAÑA CONTRERAS JOSE LUIS | C75: 2025-01-16 | D75: LIPU | E75: SIN SINIESTRO | F75: SIN QUEJA | G75: 95 | H75: OK | I75: NO | J75: LOGUEO | K75: 134.18 | L75: 134.18 | N75: 0 | O75: 0 | S75: 268.36 | U75: BONO | V75: NO
A76: 14107393 | B76: GUERRERO CORTES SERGIO RICARDO | C76: 2021-01-28 | D76: LIPU | E76: SIN SINIESTRO | F76: SIN QUEJA | G76: 90 | H76: OK | I76: NO | J76: NO LOGUEO | K76: 134.18 | L76: 134.18 | N76: 0 | O76: 0 | S76: 268.36 | U76: BONO | V76: NO
A77: 14107484 | B77: LOPEZ VELASCO MARIO | C77: 2021-02-18 | D77: LIPU | E77: SIN SINIESTRO | F77: SIN QUEJA | G77: 95 | H77: OK | I77: OK | J77: LOGUEO | K77: 134.18 | L77: 134.18 | N77: 200 | O77: 177.44 | S77: 645.8 | U77: BONO | V77: NO
A78: 14107552 | B78: PACHECO SALCEDO FERNANDO | C78: 2021-03-04 | D78: LIPU | E78: SIN SINIESTRO | F78: SIN QUEJA | G78: 92 | H78: OK | I78: NO | J78: NO LOGUEO | K78: 134.18 | L78: 134.18 | N78: 0 | O78: 0 | S78: 268.36 | U78: BONO | V78: NO
A79: 14107735 | B79: ZEPEDA GUERRERO JUAN CARLOS | C79: 2021-04-16 | D79: LIPU | E79: SIN SINIESTRO | F79: SIN QUEJA | G79: 94 | H79: OK | I79: OK | J79: LOGUEO | K79: 134.18 | L79: 134.18 | N79: 200 | O79: 177.44 | S79: 645.8 | U79: BONO | V79: NO
A80: 14107754 | B80: GARCIA DE LA TORRE LEONARDO | C80: 2021-04-22 | D80: LIPU | E80: SIN SINIESTRO | F80: SIN QUEJA | G80: 93 | H80: OK | I80: OK | J80: LOGUEO | K80: 134.18 | L80: 134.18 | N80: 200 | O80: 177.44 | S80: 645.8 | U80: BONO | V80: NO
A81: 14107840 | B81: CONTRERAS DAVILA DANIEL | C81: 2021-05-12 | D81: LIPU | E81: SIN SINIESTRO | F81: SIN QUEJA | G81: 95 | H81: OK | I81: OK | J81: NO LOGUEO | K81: 0 | L81: 0 | N81: 0 | O81: 0 | S81: 0 | U81: NO | V81: NO
A82: 14107967 | B82: VAZQUEZ FLORES FABIAN | C82: 2021-06-10 | D82: LIPU | E82: SIN SINIESTRO | F82: SIN QUEJA | G82: 94 | H82: OK | I82: NO | J82: LOGUEO | K82: 134.18 | L82: 134.18 | N82: 0 | O82: 0 | S82: 268.36 | U82: BONO | V82: NO
A83: 14107978 | B83: LIRA LOPEZ LUIS ANGEL | C83: 2021-06-11 | D83: LIPU | E83: SIN SINIESTRO | F83: SIN QUEJA | G83: 92 | H83: OK | I83: OK | J83: LOGUEO | K83: 134.18 | L83: 134.18 | N83: 200 | O83: 177.44 | S83: 645.8 | U83: BONO | V83: NO
... A88: 14108271 | B88: DE LA ROSA OCEGUEDA JUAN GUADALUPE | C88: 2021-07-28 | D88: LIPU | E88: SIN SINIESTRO | F88: SIN QUEJA | G88: 93 | H88: OK | I88: OK | J88: LOGUEO | K88: 134.18 | L88: 134.18 | N88: 200 | O88: 177.44 | S88: 645.8 | U88: BONO | V88: GUARDIA
A89: 14108361 | B89: VILLEGAS HUIZAR FERNANDO | C89: 2021-08-06 | D89: LIPU | E89: SIN SINIESTRO | F89: SIN QUEJA | H89: NO | I89: OK | J89: NO LOGUEO | K89: 0 | L89: 0 | N89: 0 | O89: 0 | S89: 0 | U89: NO | V89: NO
A90: 14108382 | B90: ROSALES SANDOVAL LUIS AARON | C90: 2021-08-06 | D90: LIPU | E90: SIN SINIESTRO | F90: SIN QUEJA | H90: NO | I90: OK | J90: NO LOGUEO | K90: 0 | L90: 0 | N90: 0 | O90: 0 | S90: 0 | U90: NO | V90: NO
A91: 14108483 | B91: ZAVALA NAVARRO SAUL | C91: 2021-08-13 | D91: LIPU | E91: SIN SINIESTRO | F91: SIN QUEJA | G91: 85 | H91: NO | I91: OK | J91: LOGUEO | K91: 134.18 | L91: 134.18 | N91: 0 | O91: 177.44 | S91: 445.8 | U91: BONO | V91: NO
A92: 14108552 | B92: ZUÑIGA HERNANDEZ OSCAR FRANCISCO | C92: 2023-11-14 | D92: LIPU | E92: SIN SINIESTRO | F92: SIN QUEJA | G92: 92 | H92: OK | I92: NO | J92: LOGUEO | K92: 134.18 | L92: 134.18 | N92: 0 | O92: 0 | S92: 268.36 | U92: BONO | V92: GUARDIA
A93: 14108553 | B93: MARTINEZ LOPEZ JORGE ANTONIO | C93: 2024-06-03 | D93: LIPU | E93: SIN SINIESTRO | F93: SIN QUEJA | H93: NO | I93: OK | J93: NO LOGUEO | K93: 0 | L93: 0 | N93: 0 | O93: 0 | S93: 0 | U93: NO | V93: NO
A94: 14108571 | B94: BELTRAN OLIVARES NESTOR ARMANDO | C94: 2021-08-20 | D94: LIPU | E94: SIN SINIESTRO | F94: SIN QUEJA | G94: 90 | H94: OK | I94: NO | J94: LOGUEO | K94: 134.18 | L94: 134.18 | N94: 0 | O94: 0 | S94: 268.36 | U94: BONO | V94: NO
A95: 14108775 | B95: PARRA COBIAN OSCAR | C95: 2024-10-25 | D95: LIPU | E95: SIN SINIESTRO | F95: SIN QUEJA | G95: 78 | H95: NO | I95: NO | J95: LOGUEO | K95: 134.18 | L95: 134.18 | N95: 0 | O95: 0 | S95: 268.36 | U95: BONO | V95: NO
A96: 14108828 | B96: BARAJAS SALDAÑA JUAN | C96: 2025-03-14 | D96: LIPU | E96: SIN SINIESTRO | F96: SIN QUEJA | G96: 95 | H96: OK | I96: OK | J96: LOGUEO | K96: 134.18 | L96: 134.18 | N96: 200 | O96: 177.44 | S96: 645.8 | U96: BONO | V96: NO
A97: 14108916 | B97: RAMOS DELGADO FRANCISCO | C97: 2021-10-06 | D97: LIPU | E97: SIN SINIESTRO | F97: SIN QUEJA | G97: 73 | H97: NO | I97: NO | J97: LOGUEO | K97: 134.18 | L97: 134.18 | N97: 0 | O97: 0 | S97: 268.36 | U97: BONO | V97: NO
A98: 14109032 | B98: GARCIA PRECIADO ANTONIO | C98: 2021-10-28 | D98: LIPU | E98: SIN SINIESTRO | F98: SIN QUEJA | G98: 95 | H98: OK | I98: NO | J98: LOGUEO | K98: 134.18 | L98: 134.18 | N98: 0 | O98: 0 | S98: 268.36 | U98: BONO | V98: NO
A99: 14109097 | B99: VAZQUEZ CERVANTES JOSE MAURICIO | C99: 2021-11-08 | D99: LIPU | E99: SIN SINIESTRO | F99: SIN QUEJA | G99: 94 | H99: OK | I99: OK | J99: LOGUEO | K99: 134.18 | L99: 134.18 | N99: 200 | O99: 177.44 | S99: 645.8 | U99: BONO | V99: NO
A100: 14109131 | B100: GONZALEZ FLOREZ SALVADOR | C100: 2021-11-08 | D100: LIPU | E100: SIN SINIESTRO | F100: SIN QUEJA | G100: 93 | H100: OK | I100: NO | J100: LOGUEO | K100: 134.18 | L100: 134.18 | N100: 0 | O100: 0 | S100: 268.36 | U100: BONO | V100: NO
A101: 14109133 | B101: RENTERIA GUTIERREZ JUAN MANUEL | C101: 2021-11-08 | D101: LIPU | E101: SIN SINIESTRO | F101: SIN QUEJA | G101: 92 | H101: OK | I101: OK | J101: LOGUEO | K101: 134.18 | L101: 134.18 | N101: 200 | O101: 177.44 | S101: 645.8 | U101: BONO | V101: NO
A102: 14109134 | B102: GODINEZ CONTRERAS SERGIO ALEJANDRO | C102: 2021-11-08 | D102: LIPU | E102: SIN SINIESTRO | F102: SIN QUEJA | G102: 94 | H102: OK | I102: NO | J102: LOGUEO | K102: 134.18 | L102: 134.18 | N102: 0 | O102: 0 | S102: 268.36 | U102: BONO | V102: NO
A103: 14109378 | B103: NAVARRO MEZA JULIAN | C103: 2021-12-21 | D103: LIPU | E103: SIN SINIESTRO | F103: SIN QUEJA | G103: 95 | H103: OK | I103: OK | J103: LOGUEO | K103: 134.18 | L103: 134.18 | N103: 200 | O103: 177.44 | S103: 645.8 | U103: BONO | V103: NO
A104: 14109408 | B104: DE LA CRUZ CHAVEZ LUIS DAVID | C104: 2022-01-04 | D104: LIPU | E104: SIN SINIESTRO | F104: SIN QUEJA | H104: NO | I104: OK | J104: NO LOGUEO | K104: 0 | L104: 0 | N104: 0 | O104: 0 | S104: 0 | U104: NO | V104: NO
A105: 14109430 | B105: LOPEZ ARIAS FERNANDO | C105: 2022-01-10 | D105: LIPU | E105: SIN SINIESTRO | F105: SIN QUEJA | G105: 91 | H105: OK | I105: NO | J105: LOGUEO | K105: 134.18 | L105: 134.18 | N105: 0 | O105: 0 | S105: 268.36 | U105: BONO | V105: NO
A106: 14109435 | B106: MEDINA ALVAREZ CUAUHTEMOC | C106: 2022-01-12 | D106: LIPU | E106: SIN SINIESTRO | F106: SIN QUEJA | G106: 95 | H106: OK | I106: OK | J106: LOGUEO | K106: 134.18 | L106: 134.18 | N106: 200 | O106: 177.44 | S106: 645.8 | U106: BONO | V106: NO
A107: 14109436 | B107: GARCIA SALCEDO FRANCISCO JAVIER | C107: 2026-01-09 | D107: LIPU | E107: SIN SINIESTRO | F107: SIN QUEJA | G107: 94 | H107: OK | I107: OK | J107: LOGUEO | K107: 134.18 | L107: 134.18 | N107: 200 | O107: 177.44 | S107: 645.8 | U107: BONO | V107: NO
A108: 14109648 | B108: SANCHEZ CANDELARIO GUSTAVO | C108: 2025-02-22 | D108: LIPU | E108: SIN SINIESTRO | F108: SIN QUEJA | G108: 93 | H108: OK | I108: OK | J108: LOGUEO | K108: 134.18 | L108: 134.18 | N108: 200 | O108: 177.44 | S108: 645.8 | U108: BONO | V108: NO
A109: 14109664 | B109: ALVARADO LOPEZ GERARDO | C109: 2022-02-09 | D109: LIPU | E109: SIN SINIESTRO | F109: SIN QUEJA | G109: 83 | H109: NO | I109: OK | J109: LOGUEO | K109: 134.18 | L109: 134.18 | N109: 0 | O109: 177.44 | S109: 445.8 | U109: BONO | V109: NO
A110: 14109674 | B110: BARRERA HERNANDEZ JOSE SALVADOR | C110: 2022-02-11 | D110: LIPU | E110: SIN SINIESTRO | F110: SIN QUEJA | G110: 94 | H110: OK | I110: NO | J110: LOGUEO | K110: 134.18 | L110: 134.18 | N110: 0 | O110: 0 | S110: 268.36 | U110: BONO | V110: NO
A111: 14109677 | B111: MARTINEZ RAMIREZ CARLOS ENRIQUE | C111: 2022-02-11 | D111: LIPU | E111: SIN SINIESTRO | F111: SIN QUEJA | H111: NO | I111: OK | J111: NO LOGUEO | K111: 0 | L111: 0 | N111: 0 | O111: 0 | S111: 0 | U111: NO | V111: NO
A112: 14109707 | B112: JIMENEZ LOPEZ ARMANDO | C112: 2022-02-16 | D112: LIPU | E112: SIN SINIESTRO | F112: SIN QUEJA | G112: 95 | H112: OK | I112: OK | J112: LOGUEO | K112: 134.18 | L112: 134.18 | N112: 200 | O112: 177.44 | S112: 645.8 | U112: BONO | V112: NO
A113: 14109738 | B113: DIAZ DE SANDI DIAZ MARTIN ALEJANDRO | C113: 2022-02-23 | D113: LIPU | E113: SIN SINIESTRO | F113: SIN QUEJA | G113: 92 | H113: OK | I113: OK | J113: NO LOGUEO | K113: 134.18 | L113: 134.18 | N113: 200 | O113: 0 | S113: 468.36 | U113: BONO | V113: NO
A114: 14109748 | B114: RUIZ JARA OCTAVIO JAVIER | C114: 2022-02-25 | D114: LIPU | E114: SIN SINIESTRO | F114: SIN QUEJA | G114: 91 | H114: OK | I114: NO | J114: LOGUEO | K114: 134.18 | L114: 134.18 | N114: 0 | O114: 0 | S114: 268.36 | U114: BONO | V114: NO
A115: 14109802 | B115: AGUILERA MEDRANO VICTOR MANUEL | C115: 2022-03-09 | D115: LIPU | E115: SIN SINIESTRO | F115: SIN QUEJA | G115: 94 | H115: OK | I115: NO | J115: LOGUEO | K115: 134.18 | L115: 134.18 | N115: 0 | O115: 0 | S115: 268.36 | U115: BONO | V115: NO
A116: 14109808 | B116: VILLANUEVA LOPEZ SANTIAGO | C116: 2022-03-10 | D116: LIPU | E116: SIN SINIESTRO | F116: SIN QUEJA | G116: 95 | H116: OK | I116: OK | J116: LOGUEO | K116: 134.18 | L116: 134.18 | N116: 200 | O116: 177.44 | S116: 645.8 | U116: BONO | V116: NO
A117: 14109874 | B117: AQUINO PUGA SEBASTIAN ANTONIO | C117: 2022-03-25 | D117: LIPU | E117: SIN SINIESTRO | F117: SIN QUEJA | G117: 71 | H117: NO | I117: OK | J117: LOGUEO | K117: 134.18 | L117: 134.18 | N117: 0 | O117: 177.44 | S117: 445.8 | U117: BONO | V117: NO
A118: 14109948 | B118: DIAZ MARTINEZ ERNESTO | C118: 2024-07-11 | D118: LIPU | E118: SIN SINIESTRO | F118: SIN QUEJA | G118: 86 | H118: NO | I118: OK | J118: LOGUEO | K118: 134.18 | L118: 134.18 | N118: 0 | O118: 177.44 | S118: 445.8 | U118: BONO | V118: NO
A119: 14110039 | B119: VACA BRAVO CARLOS GONZALO | C119: 2022-04-25 | D119: LIPU | E119: SIN SINIESTRO | F119: SIN QUEJA | G119: 95 | H119: OK | I119: OK | J119: LOGUEO | K119: 134.18 | L119: 134.18 | N119: 200 | O119: 177.44 | S119: 645.8 | U119: BONO | V119: NO
A120: 14110040 | B120: RIVERA ALCARAZ GILDARDO | C120: 2022-04-25 | D120: LIPU | E120: SIN SINIESTRO | F120: SIN QUEJA | G120: 91 | H120: OK | I120: OK | J120: LOGUEO | K120: 134.18 | L120: 134.18 | N120: 200 | O120: 177.44 | S120: 645.8 | U120: BONO | V120: NO
A121: 14110042 | B121: GALLARDO REGALADO EDGAR ALEJANDRO | C121: 2022-04-25 | D121: LIPU | E121: SIN SINIESTRO | F121: SIN QUEJA | G121: 90 | H121: OK | I121: OK | J121: LOGUEO | K121: 134.18 | L121: 134.18 | N121: 200 | O121: 177.44 | S121: 645.8 | U121: BONO | V121: NO
A122: 14110044 | B122: APOLINAR GONZALEZ MARIO ALBERTO | C122: 2024-03-29 | D122: LIPU | E122: SIN SINIESTRO | F122: SIN QUEJA | G122: 94 | H122: OK | I122: OK | J122: LOGUEO | K122: 134.18 | L122: 134.18 | N122: 200 | O122: 177.44 | S122: 645.8 | U122: BONO | V122: NO
A123: 14110292 | B123: NOVOA MORFIN MARTIN | C123: 2022-06-10 | D123: LIPU | E123: SIN SINIESTRO | F123: SIN QUEJA | H123: NO | I123: OK | J123: NO LOGUEO | K123: 0 | L123: 0 | N123: 0 | O123: 0 | S123: 0 | U123: NO | V123: NO
A124: 14110336 | B124: LOPEZ ACEVES RAFAEL | C124: 2026-08-01 | D124: LIPU | E124: SIN SINIESTRO | F124: SIN QUEJA | G124: 95 | H124: OK | I124: OK | J124: NO LOGUEO | K124: 0 | L124: 0 | N124: 0 | O124: 0 | S124: 0 | U124: NO | V124: NO
A125: 14110339 | B125: VELEZ GARCIA ALEJANDRO | C125: 2022-06-17 | D125: LIPU | E125: SIN SINIESTRO | F125: SIN QUEJA | G125: 78 | H125: NO | I125: NO | J125: LOGUEO | K125: 134.18 | L125: 134.18 | N125: 0 | O125: 0 | S125: 268.36 | U125: BONO | V125: NO
A126: 14110465 | B126: MARTINEZ PEREZ OSCAR IVAN | C126: 2022-07-04 | D126: LIPU | E126: SIN SINIESTRO | F126: SIN QUEJA | G126: 94 | H126: OK | I126: NO | J126: LOGUEO | K126: 134.18 | L126: 134.18 | N126: 0 | O126: 0 | S126: 268.36 | U126: BONO | V126: NO
A127: 14110506 | B127: SALAZAR LOPEZ JOVANNY | C127: 2026-03-07 | D127: LIPU | E127: SIN SINIESTRO | F127: SIN QUEJA | G127: 89 | H127: NO | I127: NO | J127: LOGUEO | K127: 134.18 | L127: 134.18 | N127: 0 | O127: 0 | S127: 268.36 | U127: BONO | V127: NO
A128: 14110512 | B128: NAVA QUIROZ JUAN IGNACIO | C128: 2024-11-15 | D128: LIPU | E128: SIN SINIESTRO | F128: SIN QUEJA | G128: 68 | H128: NO | I128: OK | J128: LOGUEO | K128: 134.18 | L128: 134.18 | N128: 0 | O128: 177.44 | S128: 445.8 | U128: BONO | V128: NO
A129: 14110550 | B129: GONZALEZ BARRON DAVID | C129: 2022-07-15 | D129: LIPU | E129: SIN SINIESTRO | F129: SIN QUEJA | G129: 91 | H129: OK | I129: OK | J129: NO LOGUEO | K129: 134.18 | L129: 134.18 | N129: 200 | O129: 0 | S129: 468.36 | U129: BONO | V129: NO
A130: 14110604 | B130: DIAZ BLANQUET ROSA JANNET | C130: 2025-10-30 | D130: LIPU | E130: SIN SINIESTRO | F130: SIN QUEJA | G130: 22 | H130: NO | I130: NO | J130: LOGUEO | K130: 134.18 | L130: 134.18 | N130: 0 | O130: 0 | S130: 268.36 | U130: BONO | V130: NO
A131: 14110707 | B131: ROBLES MEDINA LEONARDO DE JESUS | C131: 2025-06-14 | D131: LIPU | E131: SIN SINIESTRO | F131: SIN QUEJA | G131: 79 | H131: NO | I131: OK | J131: LOGUEO | K131: 134.18 | L131: 134.18 | N131: 0 | O131: 177.44 | S131: 445.8 | U131: BONO | V131: NO
...

Sheet CONSULTA
B1: NÓMINA
B2: 14119958
B3: NOMBRE | C3: =IFERROR(VLOOKUP(CONSULTA!$B$2,BONOS!$A$6:$BM$650,$H3,FALSE),"") -> MARTINEZ PATRICIO ANGEL ULISES | H3: =IFERROR(MATCH("NOMBRE ",BONOS!$A$6:$BM$6,0),"") -> 2
B4: SINIESTROS | C4: =IFERROR(VLOOKUP(CONSULTA!$B$2,BONOS!$A$6:$BM$650,$D4,FALSE),"") -> SIN SINIESTRO | D4: =IFERROR(MATCH("SINIESTROS",BONOS!$A$6:$BM$6,0),"") -> 5 | E4: BONO DE SCORE | G4: =IFERROR(VLOOKUP(CONSULTA!$B$2,BONOS!$A$6:$BM$650,$H4,FALSE),"") -> OK | H4: =IFERROR(MATCH("BONO SCORE",BONOS!$A$6:$BM$6,0),"") -> 8
B5: QUEJAS | C5: =IFERROR(VLOOKUP(CONSULTA!$B$2,BONOS!$A$6:$BM$650,$D5,FALSE),"") -> SIN QUEJA | D5: =IFERROR(MATCH("QUEJAS",BONOS!$A$6:$BM$6,0),"") -> 6 | E5: PUNTUALIDAD | G5: =IFERROR(VLOOKUP(CONSULTA!$B$2,BONOS!$A$6:$BM$650,$H5,FALSE),"") -> OK | H5: =IFERROR(MATCH("PUNTUALIDAD",BONOS!$A$6:$BM$6,0),"") -> 9
B6: SCORE OBTENIDO | C6: =IFERROR(VLOOKUP(CONSULTA!$B$2,BONOS!$A$6:$BM$650,$D6,FALSE),"") -> 91 | D6: =IFERROR(MATCH("SCORE OBTENIDO",BONOS!$A$6:$BM$6,0),"") -> 7 | E6: BONO LOGUEO | G6: =IFERROR(VLOOKUP(CONSULTA!$B$2,BONOS!$A$6:$BM$650,$H6,FALSE),"") -> LOGUEO | H6: =IFERROR(MATCH("BONO LOGUEO",BONOS!$A$6:$BM$6,0),"") -> 10
B8: RENDIMEINTO META | C8: =IFERROR(VLOOKUP(CONSULTA!$B$2,RENDIMIENTO!$A$2:$BM$650,$D8,FALSE),"") -> 8.1038809 | D8: =IFERROR(MATCH("META",RENDIMIENTO!$A$2:$BM$2,0),"") -> 5 | E8: BONO 0 SINIESTROS | G8: =IFERROR(VLOOKUP(CONSULTA!$B$2,BONOS!$A$6:$BM$650,$H8,FALSE),"") -> 134.18 | H8: =IFERROR(MATCH("BONO SINIESTROS",BONOS!$A$6:$BM$6,0),"") -> 11
B9: REDIMIENTO OBTENIDO | C9: =IFERROR(VLOOKUP(CONSULTA!$B$2,RENDIMIENTO!$A$2:$BM$650,$D9,FALSE),"") -> 8.2357284 | D9: =IFERROR(MATCH("REDIMIENTO OBTENIDO ",RENDIMIENTO!$A$2:$BM$2,0),"") -> 6 | E9: BONO 0 QUEJAS | G9: =IFERROR(VLOOKUP(CONSULTA!$B$2,BONOS!$A$6:$BM$650,$H9,FALSE),"") -> 134.18 | H9: =IFERROR(MATCH("BONO QUEJAS",BONOS!$A$6:$BM$6,0),"") -> 12
B10: SEMANA 33 | E10: BONO SCORE | G10: =IFERROR(VLOOKUP(CONSULTA!$B$2,BONOS!$A$6:$BM$650,$H10,FALSE),"") -> 200 | H10: =IFERROR(MATCH("BONO SCORE1",BONOS!$A$6:$BM$6,0),"") -> 14
E11: BONO LOGUEO | G11: =IFERROR(VLOOKUP(CONSULTA!$B$2,BONOS!$A$6:$BM$650,$H11,FALSE),"") -> 177.44 | H11: =IFERROR(MATCH("BONO LOGUEO1",BONOS!$A$6:$BM$6,0),"") -> 15
E12: BONO RENDIMIENTO | G12: =IFERROR(VLOOKUP(CONSULTA!$B$2,RENDIMIENTO!$A$2:$BM$650,$H12,FALSE),"") -> 355.58 | H12: =IFERROR(MATCH("TOTAL A PAGAR ",RENDIMIENTO!$A$2:$BM$2,0),"") -> 7
E14: TOTAL BONO DESEMPEÑO | G14: =IFERROR(VLOOKUP(CONSULTA!$B$2,BONOS!$A$6:$BM$650,$H14,FALSE),"") -> 645.8 | H14: =IFERROR(MATCH("TOTAL B.DESEMPEÑO ",BONOS!$A$6:$BM$6,0),"") -> 19
E15: TOTAL BONO RENDIMIENTO | G15: =G12 -> 355.58
B17: Este documento es de carácter informativo. Su contenido carece de valor oficial, por lo que de requerir su “recibo de nómina”, favor de solicitarlo en oficinas de Transportes LIPU.
