Workbook

Sheet PUNTUALIDAD
A1: id | B1: id_servicio | C1: des | D1: Tipo de Viaje | E1: car | F1: shift | G1: group | H1: start_date | I1: start_time | J1: start_eta | K1: start_status | L1: end_date | M1: end_time | N1: end_eta | O1: end_status | P1: operador | Q1: no. de nomina | R1: Sem Via | S1: SALIDA | T1: LLEGADA | U1: Estatus Salida | V1: Estatus Llegada | W1: Estatus | X1: Semana | Y1: Puntualidad | Z1: concat | AA1: supervisor2 | AB1: gte | AC1: CONCAT2 | AD1: ID Ruta | AE1: Turno | AF1: Dashtrax
A2: 175716336 | B2: E-MOL-T1-R0010 | C2: Tlaquepaque 1 | D2: N | E2: 13294 | F2: IN | G2: MOLEX | H2: 46243 | I2: 0.19097222 | J2: 0.19791667 | K2: done | L2: 46243 | M2: 0.26041667 | N2: 0.26064815 | O2: done | P2: GUTIERREZ ROSALES ABNER ABRAHAM | Q2: 14118625 | R2: 33 | S2: 0.0069444444 | T2: 0.00023148148 | U2: Inicia tarde | V2: Llega a Tiempo | W2: Inicia tarde-Llega a Tiempo | X2: 33 | Y2: NO | Z2: Tlaquepaque 1MOLEX | AA2: VICTOR C. | AB2: Leopoldo V. | AC2: MOLEXTlaquepaque 1 | AD2: E-MOL-R0010 | AE2: T1 | AF2: Tlaquepaque 1-R0010-04:35
A3: 175715031 | B3: E-SAN-T1-R0427 | C3: Dominical Tesistan Miramar | D3: N | E3: 5474 | F3: IN | G3: SANMINA GDL | H3: 46243 | I3: 0.19444444 | J3: 0.20138889 | K3: done | L3: 46243 | M3: 0.26736111 | N3: 0.26826389 | O3: done | P3: JEUDY X WANDY | Q3: 14117400 | R3: 33 | S3: 0.0069444444 | T3: 0.00090277778 | U3: Inicia tarde | V3: Llega a Tiempo | W3: Inicia tarde-Llega a Tiempo | X3: 33 | Y3: NO | Z3: Dominical Tesistan MiramarSANMINA GDL | AA3: PABLO F. | AB3: Felipe M. | AC3: SANMINA GDLDominical Tesistan Miramar | AD3: E-SAN-R0427 | AE3: T1 | AF3: Dominical Tesistan Miramar-R0427-04:40
A4: 175718425 | B4: E-PIS-T1-R0027 | C4: Las Juntas | D4: N | E4: 4432 | F4: IN | G4: PIS-PISA | H4: 46243 | I4: 0.19444444 | J4: 0.19791667 | K4: done | L4: 46243 | M4: 0.26736111 | N4: 0.25284722 | O4: done | P4: RIQUER HERNANDEZ ERWIN ALEXI | Q4: 14123920 | R4: 33 | S4: 0.0034722222 | T4: -0.014513889 | U4: Inicia tarde | V4: Llega a Tiempo | W4: Inicia tarde-Llega a Tiempo | X4: 33 | Y4: NO | Z4: Las JuntasPIS-PISA | AA4: DAVID C. | AB4: Felipe M. | AC4: PIS-PISALas Juntas | AD4: E-PIS-R0027 | AE4: T1 | AF4: Las Juntas-R0027-04:40
A5: 175714307 | B5: E-ZLT-T1-R0009 | C5: Poncitlan | D5: N | E5: 13842 | F5: IN | G5: ZOLTEK GDL | H5: 46243 | I5: 0.19583333 | J5: 0.21180556 | K5: done | L5: 46243 | M5: 0.26041667 | N5: 0.27068287 | O5: done | P5: NUÑEZ CABRERA ERICK NAZARET | Q5: 14119701 | R5: 33 | S5: 0.015972222 | T5: 0.010266204 | U5: Inicia tarde | V5: Llega tarde | W5: Inicia tarde-Llega tarde | X5: 33 | Y5: NO | Z5: PoncitlanZOLTEK GDL | AA5: CARLOS C. | AB5: Ilse M. | AC5: ZOLTEK GDLPoncitlan | AD5: E-ZLT-R0009 | AE5: T1 | AF5: Poncitlan-R0009-04:42
A6: 175710555 | B6: E-CUP-T1-R0001 | C6: Chulavista | D6: N | E6: 6384 | F6: IN | G6: CUPRUM GDL | H6: 46243 | I6: 0.20138889 | J6: 0.20694444 | K6: done | L6: 46243 | M6: 0.24652778 | N6: 0.24583333 | O6: done | P6: OROZCO GUERRERO GERARDO DANIEL | Q6: 14122871 | R6: 33 | S6: 0.0055555556 | T6: -0.00069444444 | U6: Inicia tarde | V6: Llega a Tiempo | W6: Inicia tarde-Llega a Tiempo | X6: 33 | Y6: NO | Z6: ChulavistaCUPRUM GDL | AA6: DAVID M | AB6: Ilse M. | AC6: CUPRUM GDLChulavista | AD6: E-CUP-R0001 | AE6: T1 | AF6: Chulavista-R0001-04:50
A7: 175767594 | B7: E-SAN-T1-R0060 | C7: Arquitectura | D7: N | E7: 11209 | F7: IN | G7: SANMINA GDL | H7: 46243 | I7: 0.20138889 | J7: 0.23194444 | K7: done | L7: 46243 | M7: 0.26736111 | N7: 0.26388889 | O7: done | P7: CUENCA PERAL BONFILIO | Q7: 14122230 | R7: 33 | S7: 0.030555556 | T7: -0.0034722222 | U7: Inicia tarde | V7: Llega a Tiempo | W7: Inicia tarde-Llega a Tiempo | X7: 33 | Y7: NO | Z7: ArquitecturaSANMINA GDL | AA7: PABLO F. | AB7: Felipe M. | AC7: SANMINA GDLArquitectura | AD7: E-SAN-R0060 | AE7: T1 | AF7: Arquitectura-R0060-04:50
A8: 175714736 | B8: E-SM4-T1-R0129 | C8: Dominical San Sebastian 2 T1 | D8: N | E8: 7915 | F8: IN | G8: SANMINA TLAJOMULCO | H8: 46243 | I8: 0.20208333 | J8: 0.21458333 | K8: done | L8: 46243 | M8: 0.26736111 | N8: 0.25585648 | O8: done | P8: GONZALEZ VACA EDGAR ARTURO | Q8: 14119324 | R8: 33 | S8: 0.0125 | T8: -0.01150463 | U8: Inicia tarde | V8: Llega a Tiempo | W8: Inicia tarde-Llega a Tiempo | X8: 33 | Y8: NO | Z8: Dominical San Sebastian 2 T1SANMINA TLAJOMULCO | AA8: CUAUHTEMOC M. | AB8: Felipe M. | AC8: SANMINA TLAJOMULCODominical San Sebastian 2 T1 | AD8: E-SM4-R0129 | AE8: T1 | AF8: Dominical San Sebastian 2 T1-R0129-04:51
A9: 175714733 | B9: E-SM4-T1-R0128 | C9: Dominical Prepa 13 - Balcone de Santa Maria | D9: N | E9: 15993 | F9: IN | G9: SANMINA TLAJOMULCO | H9: 46243 | I9: 0.20486111 | J9: 0.21041667 | K9: done | L9: 46243 | M9: 0.26736111 | N9: 0.26722222 | O9: done | P9: HERNANDEZ ORTEGA RAUL | Q9: 14103952 | R9: 33 | S9: 0.0055555556 | T9: -0.00013888889 | U9: Inicia tarde | V9: Llega a Tiempo | W9: Inicia tarde-Llega a Tiempo | X9: 33 | Y9: NO | Z9: Dominical Prepa 13 - Balcone de Santa MariaSANMINA TLAJOMULCO | AA9: CUAUHTEMOC M. | AB9: Felipe M. | AC9: SANMINA TLAJOMULCODominical Prepa 13 - Balcone de Santa Maria | AD9: E-SM4-R0128 | AE9: T1 | AF9: Dominical Prepa 13 - Balcone de Santa Maria-R0128-04:55
A10: 175714751 | B10: E-SM4-T1-R0137 | C10: Dominical Santa Fe 3 | D10: N | E10: 16769 | F10: IN | G10: SANMINA TLAJOMULCO | H10: 46243 | I10: 0.20833333 | J10: 0.21388889 | K10: done | L10: 46243 | M10: 0.26736111 | N10: 0.24962963 | O10: done | P10: RAMOS DELGADO FRANCISCO | Q10: 14108916 | R10: 33 | S10: 0.0055555556 | T10: -0.017731481 | U10: Inicia tarde | V10: Llega a Tiempo | W10: Inicia tarde-Llega a Tiempo | X10: 33 | Y10: NO | Z10: Dominical Santa Fe 3SANMINA TLAJOMULCO | AA10: CUAUHTEMOC M. | AB10: Felipe M. | AC10: SANMINA TLAJOMULCODominical Santa Fe 3 | AD10: E-SM4-R0137 | AE10: T1 | AF10: Dominical Santa Fe 3-R0137-05:00
A11: 175718461 | B11: E-PIS-T1-R0045 | C11: Santa Anita | D11: N | E11: 4875 | F11: IN | G11: PIS-PISA | H11: 46243 | I11: 0.20833333 | J11: 0.21319444 | K11: done | L11: 46243 | M11: 0.26736111 | N11: 0.25277778 | O11: done | P11: JUAREZ FAVELA JULIO CESAR | Q11: 14123004 | R11: 33 | S11: 0.0048611111 | T11: -0.014583333 | U11: Inicia tarde | V11: Llega a Tiempo | W11: Inicia tarde-Llega a Tiempo | X11: 33 | Y11: NO | Z11: Santa AnitaPIS-PISA | AA11: DAVID C. | AB11: Felipe M. | AC11: PIS-PISASanta Anita | AD11: E-PIS-R0045 | AE11: T1 | AF11: Santa Anita-R0045-05:00
A12: 175762267 | B12: E-SK1-T1-R0029 | C12: Lomas del Sur | D12: N | E12: 13409 | F12: IN | G12: SANMINA KAMPUS 16 | H12: 46243 | I12: 0.20833333 | J12: 0.22777778 | K12: done | L12: 46243 | M12: 0.26736111 | N12: 0.27903935 | O12: done | P12: MENDOZA DE LUCIO NICOLAS JOSE | Q12: 14123334 | R12: 33 | S12: 0.019444444 | T12: 0.011678241 | U12: Inicia tarde | V12: Llega tarde | W12: Inicia tarde-Llega tarde | X12: 33 | Y12: NO | Z12: Lomas del SurSANMINA KAMPUS 16 | AA12: BRIAN A. | AB12: Felipe M. | AC12: SANMINA KAMPUS 16Lomas del Sur | AD12: E-SK1-R0029 | AE12: T1 | AF12: Lomas del Sur-R0029-05:00
A13: 175713605 | B13: E-SK1-T1-R0015 | C13: Chulavista 2 T1 | D13: N | E13: 16734 | F13: IN | G13: SANMINA KAMPUS 16 | H13: 46243 | I13: 0.21180556 | J13: 0.21666667 | K13: done | L13: 46243 | M13: 0.26736111 | N13: 0.25275463 | O13: done | P13: VAZQUEZ FLORES FABIAN | Q13: 14107967 | R13: 33 | S13: 0.0048611111 | T13: -0.014606481 | U13: Inicia tarde | V13: Llega a Tiempo | W13: Inicia tarde-Llega a Tiempo | X13: 33 | Y13: NO | Z13: Chulavista 2 T1SANMINA KAMPUS 16 | AA13: BRIAN A. | AB13: Felipe M. | AC13: SANMINA KAMPUS 16Chulavista 2 T1 | AD13: E-SK1-R0015 | AE13: T1 | AF13: Chulavista 2 T1-R0015-05:05
... A20: 175718828 | B20: E-PIS-T1-R0091 | C20: La Noria | D20: N | E20: 4532 | F20: IN | G20: PIS-PISA | H20: 46243 | I20: 0.22569444 | J20: 0.23125 | K20: done | L20: 46243 | M20: 0.26736111 | N20: 0.25138889 | O20: done | P20: CHAVEZ CADENA ALBERTO | Q20: 14121158 | R20: 33 | S20: 0.0055555556 | T20: -0.015972222 | U20: Inicia tarde | V20: Llega a Tiempo | W20: Inicia tarde-Llega a Tiempo | X20: 33 | Y20: NO | Z20: La NoriaPIS-PISA | AA20: DAVID C. | AB20: Felipe M. | AC20: PIS-PISALa Noria | AD20: E-PIS-R0091 | AE20: T1 | AF20: La Noria-R0091-05:25
A21: 175715903 | B21: E-FOX-T1-R0025 | C21: Oblatos 1 | D21: N | E21: 15320 | F21: IN | G21: FOXCONN | H21: 46243 | I21: 0.22916667 | J21: 0.23402778 | K21: done | L21: 46243 | M21: 0.28125 | N21: 0.27149306 | O21: done | P21: OPERADOR NO REGISTRADO | R21: 33 | S21: 0.0048611111 | T21: -0.0097569444 | U21: Inicia tarde | V21: Llega a Tiempo | W21: Inicia tarde-Llega a Tiempo | X21: 33 | Y21: NO | Z21: Oblatos 1FOXCONN | AA21: CANDELAS | AB21: Leopoldo V. | AC21: FOXCONNOblatos 1 | AD21: E-FOX-R0025 | AE21: T1 | AF21: Oblatos 1-R0025-05:30
A22: 175718138 | B22: E-FOX-T1-R0098 | C22: El Colli | D22: N | E22: 14692 | F22: IN | G22: FOXCONN | H22: 46243 | I22: 0.22916667 | J22: 0.23680556 | K22: done | L22: 46243 | M22: 0.28125 | N22: 0.27041667 | O22: done | P22: REA PINEDO SALVADOR MANUEL | Q22: 14123725 | R22: 33 | S22: 0.0076388889 | T22: -0.010833333 | U22: Inicia tarde | V22: Llega a Tiempo | W22: Inicia tarde-Llega a Tiempo | X22: 33 | Y22: NO | Z22: El ColliFOXCONN | AA22: CANDELAS | AB22: Leopoldo V. | AC22: FOXCONNEl Colli | AD22: E-FOX-R0098 | AE22: T1 | AF22: El Colli-R0098-05:30
A23: 175716159 | B23: E-FOX-T1-R0036 | C23: Santa Fe 1 | D23: N | E23: 13754 | F23: IN | G23: FOXCONN | H23: 46243 | I23: 0.23263889 | J23: 0.24097222 | K23: done | L23: 46243 | M23: 0.28125 | N23: 0.26243056 | O23: done | P23: ROLDAN CASTILLO HECTOR MISAEL | Q23: 14118889 | R23: 33 | S23: 0.0083333333 | T23: -0.018819444 | U23: Inicia tarde | V23: Llega a Tiempo | W23: Inicia tarde-Llega a Tiempo | X23: 33 | Y23: NO | Z23: Santa Fe 1FOXCONN | AA23: DIEGOVO. | AB23: Leopoldo V. | AC23: FOXCONNSanta Fe 1 | AD23: E-FOX-R0036 | AE23: T1 | AF23: Santa Fe 1-R0036-05:35
A24: 175717361 | B24: E-FOX-T1-R0073 | C24: Valle De Tejeda | D24: N | E24: 13847 | F24: IN | G24: FOXCONN | H24: 46243 | I24: 0.23263889 | J24: 0.24166667 | K24: done | L24: 46243 | M24: 0.28125 | N24: 0.27049769 | O24: done | P24: TORRES GUARDADO JOSE LUIS | Q24: 14104599 | R24: 33 | S24: 0.0090277778 | T24: -0.010752315 | U24: Inicia tarde | V24: Llega a Tiempo | W24: Inicia tarde-Llega a Tiempo | X24: 33 | Y24: NO | Z24: Valle De TejedaFOXCONN | AA24: WENDY H. | AB24: Leopoldo V. | AC24: FOXCONNValle De Tejeda | AD24: E-FOX-R0073 | AE24: T1 | AF24: Valle De Tejeda-R0073-05:35
A25: 175718578 | B25: E-FOX-T1-R0114 | C25: Tonala 2 | D25: N | E25: 13289 | F25: IN | G25: FOXCONN | H25: 46243 | I25: 0.24166667 | J25: 0.24791667 | K25: done | L25: 46243 | M25: 0.28125 | N25: 0.27028935 | O25: done | P25: GARCIA ROMERO JOSE ALFREDO | Q25: 14118956 | R25: 33 | S25: 0.00625 | T25: -0.010960648 | U25: Inicia tarde | V25: Llega a Tiempo | W25: Inicia tarde-Llega a Tiempo | X25: 33 | Y25: NO | Z25: Tonala 2FOXCONN | AA25: CANDELAS | AB25: Leopoldo V. | AC25: FOXCONNTonala 2 | AD25: E-FOX-R0114 | AE25: T1 | AF25: Tonala 2-R0114-05:48
A26: 175717615 | B26: E-FOX-T1-R0086 | C26: Las Villas | D26: N | E26: 13512 | F26: IN | G26: FOXCONN | H26: 46243 | I26: 0.25 | J26: 0.26666667 | K26: done | L26: 46243 | M26: 0.28125 | N26: 0.28310185 | O26: done | P26: SANCHEZ BUENROSTRO BRYAN ALEJANDRO | Q26: 14123246 | R26: 33 | S26: 0.016666667 | T26: 0.0018518519 | U26: Inicia tarde | V26: Llega a Tiempo | W26: Inicia tarde-Llega a Tiempo | X26: 33 | Y26: NO | Z26: Las VillasFOXCONN | AA26: DIEGOVO. | AB26: Leopoldo V. | AC26: FOXCONNLas Villas | AD26: E-FOX-R0086 | AE26: T1 | AF26: Las Villas-R0086-06:00
A27: 175710556 | B27: E-CUP-T2-R0001 | C27: Chulavista | D27: N | E27: 6384 | F27: IN | G27: CUPRUM GDL | H27: 46243 | I27: 0.51388889 | J27: 0.52222222 | K27: done | L27: 46243 | M27: 0.57986111 | N27: 0.59166667 | O27: done | P27: OROZCO GUERRERO GERARDO DANIEL | Q27: 14122871 | R27: 33 | S27: 0.0083333333 | T27: 0.011805556 | U27: Inicia tarde | V27: Llega tarde | W27: Inicia tarde-Llega tarde | X27: 33 | Y27: NO | Z27: ChulavistaCUPRUM GDL | AA27: DAVID M | AB27: Ilse M. | AC27: CUPRUM GDLChulavista | AD27: E-CUP-R0001 | AE27: T2 | AF27: Chulavista-R0001-12:20
A28: 175710013 | B28: E-PEP-T2-R0001 | C28: Moctezuma Santa Fe | D28: N | E28: 10363 | F28: IN | G28: PEPSICO GDL | H28: 46243 | I28: 0.52083333 | J28: 0.52430556 | K28: done | L28: 46243 | M28: 0.60416667 | N28: 0.57460648 | O28: done | P28: NUNGARAY BUENROSTRO SALVADOR | Q28: 14119018 | R28: 33 | S28: 0.0034722222 | T28: -0.029560185 | U28: Inicia tarde | V28: Llega a Tiempo | W28: Inicia tarde-Llega a Tiempo | X28: 33 | Y28: NO | Z28: Moctezuma Santa FePEPSICO GDL | AA28: DANIEL | AB28: Leopoldo V. | AC28: PEPSICO GDLMoctezuma Santa Fe | AD28: E-PEP-R0001 | AE28: T2 | AF28: Moctezuma Santa Fe-R0001-12:30
A29: 175714308 | B29: E-ZLT-T2-R0009 | C29: Poncitlan | D29: N | E29: 13728 | F29: IN | G29: ZOLTEK GDL | H29: 46243 | I29: 0.52083333 | J29: 0.53125 | K29: done | L29: 46243 | M29: 0.59375 | N29: 0.58751157 | O29: done | P29: RAMOS ANGUIANO SERGIO DAVID | Q29: 14102288 | R29: 33 | S29: 0.010416667 | T29: -0.0062384259 | U29: Inicia tarde | V29: Llega a Tiempo | W29: Inicia tarde-Llega a Tiempo | X29: 33 | Y29: NO | Z29: PoncitlanZOLTEK GDL | AA29: CARLOS C. | AB29: Ilse M. | AC29: ZOLTEK GDLPoncitlan | AD29: E-ZLT-R0009 | AE29: T2 | AF29: Poncitlan-R0009-12:30
A30: 175715520 | B30: E-HER-T2-R0017 | C30: Arenales | D30: N | E30: 15192 | F30: IN | G30: HERSHEYS | H30: 46243 | I30: 0.52083333 | J30: 0.52569444 | K30: done | L30: 46243 | M30: 0.60416667 | N30: 0.56725694 | O30: done | P30: VACA BRAVO CARLOS GONZALO | Q30: 14110039 | R30: 33 | S30: 0.0048611111 | T30: -0.036909722 | U30: Inicia tarde | V30: Llega a Tiempo | W30: Inicia tarde-Llega a Tiempo | X30: 33 | Y30: NO | Z30: ArenalesHERSHEYS | AA30: CARLOS C. | AB30: Ilse M. | AC30: HERSHEYSArenales | AD30: E-HER-R0017 | AE30: T2 | AF30: Arenales-R0017-12:30
A31: 175713902 | B31: E-PEM-T2-R0013 | C31: Mixing Santa Fe | D31: N | E31: 10743 | F31: IN | G31: PEPSICO MIXING | H31: 46243 | I31: 0.52777778 | J31: 0.53125 | K31: done | L31: 46243 | M31: 0.60416667 | N31: 0.60096065 | O31: done | P31: DEL TORO MARTINEZ HECTOR JOSE | Q31: 14103470 | R31: 33 | S31: 0.0034722222 | T31: -0.0032060185 | U31: Inicia tarde | V31: Llega a Tiempo | W31: Inicia tarde-Llega a Tiempo | X31: 33 | Y31: NO | Z31: Mixing Santa FePEPSICO MIXING | AA31: DANIEL | AB31: Leopoldo V. | AC31: PEPSICO MIXINGMixing Santa Fe | AD31: E-PEM-R0013 | AE31: T2 | AF31: Mixing Santa Fe-R0013-12:40
A32: 175713633 | B32: E-SK1-T2-R0028 | C32: Juanacatlan | D32: N | E32: 16733 | F32: IN | G32: SANMINA KAMPUS 16 | H32: 46243 | I32: 0.53958333 | J32: 0.54444444 | K32: done | L32: 46243 | M32: 0.60069444 | N32: 0.58489583 | O32: done | P32: CORTES ARMENTA HERNAN | Q32: 14103106 | R32: 33 | S32: 0.0048611111 | T32: -0.015798611 | U32: Inicia tarde | V32: Llega a Tiempo | W32: Inicia tarde-Llega a Tiempo | X32: 33 | Y32: NO | Z32: JuanacatlanSANMINA KAMPUS 16 | AA32: BRIAN A. | AB32: Felipe M. | AC32: SANMINA KAMPUS 16Juanacatlan | AD32: E-SK1-R0028 | AE32: T2 | AF32: Juanacatlan-R0028-12:57
A33: 175715029 | B33: E-SAN-T2-R0425 | C33: Dominical Jauja-San pedrito T1 y T2 | D33: N | E33: 16743 | F33: IN | G33: SANMINA GDL | H33: 46243 | I33: 0.54166667 | J33: 0.54791667 | K33: done | L33: 46243 | M33: 0.60069444 | N33: 0.59111111 | O33: done | P33: TABARES FLORES OSCAR ALEJAND | Q33: 14100731 | R33: 33 | S33: 0.00625 | T33: -0.0095833333 | U33: Inicia tarde | V33: Llega a Tiempo | W33: Inicia tarde-Llega a Tiempo | X33: 33 | Y33: NO | Z33: Dominical Jauja-San pedrito T1 y T2SANMINA GDL | AA33: PABLO F. | AB33: Felipe M. | AC33: SANMINA GDLDominical Jauja-San pedrito T1 y T2 | AD33: E-SAN-R0425 | AE33: T2 | AF33: Dominical Jauja-San pedrito T1 y T2-R0425-13:00
... A43: 175718825 | B43: E-PIS-T2-R0089 | C43: Valle Dorado | D43: N | E43: 4411 | F43: IN | G43: PIS-PISA | H43: 46243 | I43: 0.70833333 | J43: 0.71666667 | K43: done | L43: 46243 | M43: 0.76736111 | N43: 0.75540509 | O43: done | P43: PANTOJA PERALES ALAN KERIM | Q43: 14123080 | R43: 33 | S43: 0.0083333333 | T43: -0.011956019 | U43: Inicia tarde | V43: Llega a Tiempo | W43: Inicia tarde-Llega a Tiempo | X43: 33 | Y43: NO | Z43: Valle DoradoPIS-PISA | AA43: DAVID C. | AB43: Felipe M. | AC43: PIS-PISAValle Dorado | AD43: E-PIS-R0089 | AE43: T2 | AF43: Valle Dorado-R0089-17:00
A44: 175713572 | B44: E-PAQ-T2-R0007 | C44: Juan de la Barrera Fin de semana | D44: N | E44: 12897 | F44: IN | G44: PAQUETEXPRESS GDL | H44: 46243 | I44: 0.72152778 | J44: 0.725 | K44: done | L44: 46243 | M44: 0.79166667 | N44: 0.78528935 | O44: done | P44: VALLADOLID MARTINEZ LUIS ALEJANDRO | Q44: 14122809 | R44: 33 | S44: 0.0034722222 | T44: -0.0063773148 | U44: Inicia tarde | V44: Llega a Tiempo | W44: Inicia tarde-Llega a Tiempo | X44: 33 | Y44: NO | Z44: Juan de la Barrera Fin de semanaPAQUETEXPRESS GDL | AA44: DAVID D. | AB44: Leopoldo V. | AC44: PAQUETEXPRESS GDLJuan de la Barrera Fin de semana | AD44: #N/A | AE44: T2 | AF44: Juan de la Barrera Fin de semana-R0007-17:19
A45: 175718837 | B45: E-PIS-T2-R0095 | C45: Las Vias | D45: N | E45: 4534 | F45: IN | G45: PIS-PISA | H45: 46243 | I45: 0.72222222 | J45: 0.72986111 | K45: done | L45: 46243 | M45: 0.76736111 | N45: 0.75138889 | O45: done | P45: DELGADILLO SANCHEZ EDSON FABIA | Q45: 14122113 | R45: 33 | S45: 0.0076388889 | T45: -0.015972222 | U45: Inicia tarde | V45: Llega a Tiempo | W45: Inicia tarde-Llega a Tiempo | X45: 33 | Y45: NO | Z45: Las ViasPIS-PISA | AA45: DAVID C. | AB45: Felipe M. | AC45: PIS-PISALas Vias | AD45: E-PIS-R0095 | AE45: T2 | AF45: Las Vias-R0095-17:20
A46: 175710014 | B46: E-PEP-T3-R0001 | C46: Moctezuma Santa Fe | D46: N | E46: 10363 | F46: IN | G46: PEPSICO GDL | H46: 46243 | I46: 0.79166667 | J46: 0.79791667 | K46: done | L46: 46243 | M46: 0.86111111 | N46: 0.84425926 | O46: done | P46: NUNGARAY BUENROSTRO SALVADOR | Q46: 14119018 | R46: 33 | S46: 0.00625 | T46: -0.016851852 | U46: Inicia tarde | V46: Llega a Tiempo | W46: Inicia tarde-Llega a Tiempo | X46: 33 | Y46: NO | Z46: Moctezuma Santa FePEPSICO GDL | AA46: DANIEL | AB46: Leopoldo V. | AC46: PEPSICO GDLMoctezuma Santa Fe | AD46: E-PEP-R0001 | AE46: T3 | AF46: Moctezuma Santa Fe-R0001-19:00
A47: 175710560 | B47: E-CUP-T1-R0002 | C47: Polanco | D47: N | E47: 14891 | F47: IN | G47: CUPRUM GDL | H47: 46243 | I47: 0.81944444 | J47: 0.82291667 | K47: done | L47: 46243 | M47: 0.88888889 | N47: 0.87083333 | O47: done | P47: MUÑOZ PLASCENCIA DAVID RAUDEL | Q47: 14122495 | R47: 33 | S47: 0.0034722222 | T47: -0.018055556 | U47: Inicia tarde | V47: Llega a Tiempo | W47: Inicia tarde-Llega a Tiempo | X47: 33 | Y47: NO | Z47: PolancoCUPRUM GDL | AA47: DAVID M | AB47: Ilse M. | AC47: CUPRUM GDLPolanco | AD47: E-CUP-R0002 | AE47: T1 | AF47: Polanco-R0002-19:40
A48: 175710557 | B48: E-CUP-T3-R0001 | C48: Chulavista | D48: N | E48: 6384 | F48: IN | G48: CUPRUM GDL | H48: 46243 | I48: 0.83680556 | J48: 0.84097222 | K48: done | L48: 46243 | M48: 0.88888889 | N48: 0.88611111 | O48: done | P48: OROZCO GUERRERO GERARDO DANIEL | Q48: 14122871 | R48: 33 | S48: 0.0041666667 | T48: -0.0027777778 | U48: Inicia tarde | V48: Llega a Tiempo | W48: Inicia tarde-Llega a Tiempo | X48: 33 | Y48: NO | Z48: ChulavistaCUPRUM GDL | AA48: DAVID M | AB48: Ilse M. | AC48: CUPRUM GDLChulavista | AD48: E-CUP-R0001 | AE48: T3 | AF48: Chulavista-R0001-20:05
A49: 175716995 | B49: E-HLL-T3-R0039 | C49: Mezcala | D49: N | E49: 5538 | F49: IN | G49: HELLA GDL | H49: 46243 | I49: 0.84027778 | J49: 0.84513889 | K49: done | L49: 46243 | M49: 0.90625 | N49: 0.89722222 | O49: done | P49: VELAZQUEZ MENDEZ CESAR ARMANDO | Q49: 14122928 | R49: 33 | S49: 0.0048611111 | T49: -0.0090277778 | U49: Inicia tarde | V49: Llega a Tiempo | W49: Inicia tarde-Llega a Tiempo | X49: 33 | Y49: NO | Z49: MezcalaHELLA GDL | AA49: SIMON / EUGI | AB49: Ilse M. | AC49: HELLA GDLMezcala | AD49: E-HLL-R0039 | AE49: T3 | AF49: Mezcala-R0039-20:10
A50: 175716560 | B50: E-HER-T3-R0039 | C50: Tonala-Tateposco Dominical | D50: N | E50: 15765 | F50: IN | G50: HERSHEYS | H50: 46243 | I50: 0.85069444 | J50: 0.85416667 | K50: done | L50: 46243 | M50: 0.91666667 | N50: 0.89652778 | O50: done | P50: OLMEDO LORETO SERGIO MOISES AN | Q50: 14113198 | R50: 33 | S50: 0.0034722222 | T50: -0.020138889 | U50: Inicia tarde | V50: Llega a Tiempo | W50: Inicia tarde-Llega a Tiempo | X50: 33 | Y50: NO | Z50: Tonala-Tateposco DominicalHERSHEYS | AA50: CARLOS C. | AB50: Ilse M. | AC50: HERSHEYSTonala-Tateposco Dominical | AD50: E-HER-R0039 | AE50: T3 | AF50: Tonala-Tateposco Dominical-R0039-20:25
A51: 175717031 | B51: E-HLL-T3-R0057 | C51: Capilla | D51: N | E51: 11828 | F51: IN | G51: HELLA GDL | H51: 46243 | I51: 0.86458333 | J51: 0.87152778 | K51: done | L51: 46243 | M51: 0.90625 | N51: 0.89930556 | O51: done | P51: C.RUIZ PEREZ EUGUI | Q51: 14109002 | R51: 33 | S51: 0.0069444444 | T51: -0.0069444444 | U51: Inicia tarde | V51: Llega a Tiempo | W51: Inicia tarde-Llega a Tiempo | X51: 33 | Y51: NO | Z51: CapillaHELLA GDL | AA51: SIMON / EUGI | AB51: Ilse M. | AC51: HELLA GDLCapilla | AD51: E-HLL-R0057 | AE51: T3 | AF51: Capilla-R0057-20:45
A52: 175719526 | B52: E-SAN-T3-R0504 | C52: Dominical Zapopan | D52: N | E52: 4985 | F52: IN | G52: SANMINA GDL | H52: 46243 | I52: 0.86458333 | J52: 0.87152778 | K52: done | L52: 46243 | M52: 0.93402778 | N52: 0.93194444 | O52: done | P52: VILLAGRAN PEREZ ARMANDO | Q52: 14115536 | R52: 33 | S52: 0.0069444444 | T52: -0.0020833333 | U52: Inicia tarde | V52: Llega a Tiempo | W52: Inicia tarde-Llega a Tiempo | X52: 33 | Y52: NO | Z52: Dominical ZapopanSANMINA GDL | AA52: PABLO F. | AB52: Felipe M. | AC52: SANMINA GDLDominical Zapopan | AD52: E-SAN-R0504 | AE52: T3 | AF52: Dominical Zapopan-R0504-20:45
A53: 175713694 | B53: E-SK1-T3-R0042 | C53: Tonala T1 y T3 | D53: N | E53: 6983 | F53: IN | G53: SANMINA KAMPUS 16 | H53: 46243 | I53: 0.86805556 | J53: 0.98472222 | K53: done | L53: 46243 | M53: 0.93402778 | O53: start | P53: SANCHEZ BUSTAMANTE JUAN DIEGO | Q53: 14122320 | R53: 33 | S53: 0.11666667 | T53: -0.93402778 | U53: Inicia tarde | V53: Llega a Tiempo | W53: Inicia tarde-Llega a Tiempo | X53: 33 | Y53: NO | Z53: Tonala T1 y T3SANMINA KAMPUS 16 | AA53: BRIAN A. | AB53: Felipe M. | AC53: SANMINA KAMPUS 16Tonala T1 y T3 | AD53: E-SK1-R0042 | AE53: T3 | AF53: Tonala T1 y T3-R0042-20:50
A54: 175713625 | B54: E-SK1-T3-R0025 | C54: Juan Pablo II | D54: N | E54: 13844 | F54: IN | G54: SANMINA KAMPUS 16 | H54: 46243 | I54: 0.875 | J54: 0.87986111 | K54: done | L54: 46243 | M54: 0.93402778 | N54: 0.91805556 | O54: done | P54: TELLES PADILLA JOSE MANUEL | Q54: 14108222 | R54: 33 | S54: 0.0048611111 | T54: -0.015972222 | U54: Inicia tarde | V54: Llega a Tiempo | W54: Inicia tarde-Llega a Tiempo | X54: 33 | Y54: NO | Z54: Juan Pablo IISANMINA KAMPUS 16 | AA54: BRIAN A. | AB54: Felipe M. | AC54: SANMINA KAMPUS 16Juan Pablo II | AD54: E-SK1-R0025 | AE54: T3 | AF54: Juan Pablo II-R0025-21:00
A55: 175718984 | B55: E-SM4-T3-R0235 | C55: Dominical Santa Fe 1 T2 y T3 | D55: N | E55: 15996 | F55: IN | G55: SANMINA TLAJOMULCO | H55: 46243 | I55: 0.875 | J55: 0.87847222 | K55: done | L55: 46243 | M55: 0.93402778 | N55: 0.92430556 | O55: done | P55: GUERRERO CORTES SERGIO RICARDO | Q55: 14107393 | R55: 33 | S55: 0.0034722222 | T55: -0.0097222222 | U55: Inicia tarde | V55: Llega a Tiempo | W55: Inicia tarde-Llega a Tiempo | X55: 33 | Y55: NO | Z55: Dominical Santa Fe 1 T2 y T3SANMINA TLAJOMULCO | AA55: CUAUHTEMOC M. | AB55: Felipe M. | AC55: SANMINA TLAJOMULCODominical Santa Fe 1 T2 y T3 | AD55: E-SM4-R0235 | AE55: T3 | AF55: Dominical Santa Fe 1 T2 y T3-R0235-21:00
A56: 175770979 | B56: E-SK1-T3-R0029 | C56: Lomas del Sur | D56: N | E56: 13858 | F56: IN | G56: SANMINA KAMPUS 16 | H56: 46243 | I56: 0.875 | J56: 0.88333333 | K56: done | L56: 46243 | M56: 0.93402778 | N56: 0.92916667 | O56: done | P56: JARAMILLO SANCHEZ MARCO ESTEBA | Q56: 14116431 | R56: 33 | S56: 0.0083333333 | T56: -0.0048611111 | U56: Inicia tarde | V56: Llega a Tiempo | W56: Inicia tarde-Llega a Tiempo | X56: 33 | Y56: NO | Z56: Lomas del SurSANMINA KAMPUS 16 | AA56: BRIAN A. | AB56: Felipe M. | AC56: SANMINA KAMPUS 16Lomas del Sur | AD56: E-SK1-R0029 | AE56: T3 | AF56: Lomas del Sur-R0029-21:00
A57: 175714711 | B57: E-ZFM-T3-R0098 | C57: Op MET Cajititlán Fin de Semana | D57: N | E57: 4542 | F57: IN | G57: ZF METROPOLITANA | H57: 46243 | I57: 0.88680556 | J57: 0.89097222 | K57: done | L57: 46243 | M57: 0.93055556 | N57: 0.92638889 | O57: done | P57: COMPARAN SIORDIA PABLO DANIEL | Q57: 14116000 | R57: 33 | S57: 0.0041666667 | T57: -0.0041666667 | U57: Inicia tarde | V57: Llega a Tiempo | W57: Inicia tarde-Llega a Tiempo | X57: 33 | Y57: NO | Z57: Op MET Cajititlán Fin de SemanaZF METROPOLITANA | AA57: AGEO C. | AB57: Ilse M. | AC57: ZF METROPOLITANAOp MET Cajititlán Fin de Semana | AD57: E-ZFM-R0098 | AE57: T3 | AF57: Op MET Cajititlán Fin de Semana-R0098-21:17
A58: 175770943 | B58: E-MAS-T3-R0007 | C58: Chulavista | D58: N | E58: 4984 | F58: IN | G58: MASECA GDL | H58: 46243 | I58: 0.89583333 | J58: 0.90416667 | K58: done | L58: 46243 | M58: 0.92708333 | N58: 0.91805556 | O58: done | P58: AVILAN RIVERA MIGUEL UBALDO | Q58: 14123652 | R58: 33 | S58: 0.0083333333 | T58: -0.0090277778 | U58: Inicia tarde | V58: Llega a Tiempo | W58: Inicia tarde-Llega a Tiempo | X58: 33 | Y58: NO | Z58: ChulavistaMASECA GDL | AA58: DAVID M | AB58: Ilse M. | AC58: MASECA GDLChulavista | AD58: #N/A | AE58: T3 | AF58: Chulavista-R0007-21:30
A59: 175715069 | B59: E-ZFF-T3-R0035 | C59: Op FOR Ixtlahuacan - Aguilillas Fin de semana | D59: N | E59: 5924 | F59: IN | G59: ZF FORANEO | H59: 46243 | I59: 0.89930556 | J59: 0.90277778 | K59: done | L59: 46243 | M59: 0.93055556 | N59: 0.92638889 | O59: done | P59: LANGRUEN FLORES VICTOR MANUEL | Q59: 14123375 | R59: 33 | S59: 0.0034722222 | T59: -0.0041666667 | U59: Inicia tarde | V59: Llega a Tiempo | W59: Inicia tarde-Llega a Tiempo | X59: 33 | Y59: NO | Z59: Op FOR Ixtlahuacan - Aguilillas Fin de semanaZF FORANEO | AA59: AGEO C. | AB59: Ilse M. | AC59: ZF FORANEOOp FOR Ixtlahuacan - Aguilillas Fin de semana | AD59: E-ZFF-R0035 | AE59: T3 | AF59: Op FOR Ixtlahuacan - Aguilillas Fin de semana-R0035-21:35
A60: 175681722 | B60: E-MOL-T1-R0038 | C60: Ciudad Guzman | D60: N | E60: 15341 | F60: IN | G60: MOLEX | H60: 46242 | I60: 0.18055556 | J60: 0.18402778 | K60: done | L60: 46242 | M60: 0.26041667 | N60: 0.26118056 | O60: done | P60: HERMOSILLO COLAZO ARNULFO | Q60: 14116723 | R60: 32 | S60: 0.0034722222 | T60: 0.00076388889 | U60: Inicia tarde | V60: Llega a Tiempo | W60: Inicia tarde-Llega a Tiempo | X60: 32 | Y60: NO | Z60: Ciudad GuzmanMOLEX | AA60: VICTOR C. | AB60: Leopoldo V. | AC60: MOLEXCiudad Guzman | AD60: E-MOL-R0038 | AE60: T1 | AF60: Ciudad Guzman-R0038-04:20
A61: 175679642 | B61: E-JLL-T1-R0005 | C61: Ocotlan T1 y T2 | D61: N | E61: 10746 | F61: IN | G61: JLL | H61: 46242 | I61: 0.18402778 | J61: 0.18888889 | K61: done | L61: 46242 | M61: 0.25 | O61: start | P61: AGUIÑAGA GUERRERO JOSE DAMIA | Q61: 14121728 | R61: 32 | S61: 0.0048611111 | T61: -0.25 | U61: Inicia tarde | V61: Llega a Tiempo | W61: Inicia tarde-Llega a Tiempo | X61: 32 | Y61: NO | Z61: Ocotlan T1 y T2JLL | AA61: MANUEL G. | AB61: Ilse M. | AC61: JLLOcotlan T1 y T2 | AD61: E-JLL-R0005 | AE61: T1 | AF61: Ocotlan T1 y T2-R0005-04:25
A62: 175679349 | B62: E-HER-T1-R0007 | C62: Tonala | D62: N | E62: 15765 | F62: IN | G62: HERSHEYS | H62: 46242 | I62: 0.19444444 | J62: 0.20069444 | K62: done | L62: 46242 | M62: 0.25 | N62: 0.23934028 | O62: done | P62: OPERADOR NO REGISTRADO | R62: 32 | S62: 0.00625 | T62: -0.010659722 | U62: Inicia tarde | V62: Llega a Tiempo | W62: Inicia tarde-Llega a Tiempo | X62: 32 | Y62: NO | Z62: TonalaHERSHEYS | AA62: CARLOS C. | AB62: Ilse M. | AC62: HERSHEYSTonala | AD62: E-HER-R0007 | AE62: T1 | AF62: Tonala-R0007-04:40
A63: 175684505 | B63: E-PIS-T1-R0027 | C63: Las Juntas | D63: N | E63: 4432 | F63: IN | G63: PIS-PISA | H63: 46242 | I63: 0.19444444 | J63: 0.20277778 | K63: done | L63: 46242 | M63: 0.26736111 | N63: 0.25688657 | O63: done | P63: CHAVEZ GOMEZ ABRAHAM | Q63: 14123331 | R63: 32 | S63: 0.0083333333 | T63: -0.010474537 | U63: Inicia tarde | V63: Llega a Tiempo | W63: Inicia tarde-Llega a Tiempo | X63: 32 | Y63: NO | Z63: Las JuntasPIS-PISA | AA63: DAVID C. | AB63: Felipe M. | AC63: PIS-PISALas Juntas | AD63: E-PIS-R0027 | AE63: T1 | AF63: Las Juntas-R0027-04:40
A64: 175676587 | B64: E-SM4-T1-R0101 | C64: Lomas de San Agustin | D64: N | E64: 10747 | F64: IN | G64: SANMINA TLAJOMULCO | H64: 46242 | I64: 0.20138889 | J64: 0.20972222 | K64: done | L64: 46242 | M64: 0.26736111 | N64: 0.24287037 | O64: done | P64: OPERADOR NO REGISTRADO | R64: 32 | S64: 0.0083333333 | T64: -0.024490741 | U64: Inicia tarde | V64: Llega a Tiempo | W64: Inicia tarde-Llega a Tiempo | X64: 32 | Y64: NO | Z64: Lomas de San AgustinSANMINA TLAJOMULCO | AA64: CUAUHTEMOC M. | AB64: Felipe M. | AC64: SANMINA TLAJOMULCOLomas de San Agustin | AD64: E-SM4-R0101 | AE64: T1 | AF64: Lomas de San Agustin-R0101-04:50
A65: 175679334 | B65: E-HER-T1-R0001 | C65: Agaves | D65: N | E65: 15192 | F65: IN | G65: HERSHEYS | H65: 46242 | I65: 0.20138889 | J65: 0.20833333 | K65: done | L65: 46242 | M65: 0.25 | N65: 0.23171296 | O65: done | P65: DIAZ DE LA VEGA HERNANDEZ VICT | Q65: 14112757 | R65: 32 | S65: 0.0069444444 | T65: -0.018287037 | U65: Inicia tarde | V65: Llega a Tiempo | W65: Inicia tarde-Llega a Tiempo | X65: 32 | Y65: NO | Z65: AgavesHERSHEYS | AA65: CARLOS C. | AB65: Ilse M. | AC65: HERSHEYSAgaves | AD65: E-HER-R0001 | AE65: T1 | AF65: Agaves-R0001-04:50
A66: 175682650 | B66: E-PI4-T1-R0003 | C66: Lilas Azucena PIT4 | D66: N | E66: 12499 | F66: IN | G66: HELLA PIT4 | H66: 46242 | I66: 0.20486111 | J66: 0.23125 | K66: done | L66: 46242 | M66: 0.26041667 | N66: 0.26778935 | O66: done | P66: LOSADA VALENZUELA SERGIO TULIO | Q66: 14120655 | R66: 32 | S66: 0.026388889 | T66: 0.0073726852 | U66: Inicia tarde | V66: Llega tarde | W66: Inicia tarde-Llega tarde | X66: 32 | Y66: NO | Z66: Lilas Azucena PIT4HELLA PIT4 | AA66: SIMON / EUGI | AB66: Ilse M. | AC66: HELLA PIT4Lilas Azucena PIT4 | AD66: E-PI4-R0003 | AE66: T1 | AF66: Lilas Azucena PIT4-R0003-04:55
A67: 175684489 | B67: E-PIS-T1-R0019 | C67: Fuelle | D67: N | E67: 4449 | F67: IN | G67: PIS-PISA | H67: 46242 | I67: 0.20486111 | J67: 0.20833333 | K67: done | L67: 46242 | M67: 0.26736111 | N67: 0.24886574 | O67: done | P67: FREGOSO EVANGELISTA MOISES | Q67: 14123473 | R67: 32 | S67: 0.0034722222 | T67: -0.01849537 | U67: Inicia tarde | V67: Llega a Tiempo | W67: Inicia tarde-Llega a Tiempo | X67: 32 | Y67: NO | Z67: FuellePIS-PISA | AA67: DAVID C. | AB67: Felipe M. | AC67: PIS-PISAFuelle | AD67: E-PIS-R0019 | AE67: T1 | AF67: Fuelle-R0019-04:55
A68: 175669982 | B68: E-SAN-T1-R0061 | C68: Bethel | D68: N | E68: 16744 | F68: IN | G68: SANMINA GDL | H68: 46242 | I68: 0.20833333 | J68: 0.21180556 | K68: done | L68: 46242 | M68: 0.26736111 | N68: 0.25049769 | O68: done | P68: CASTAÑEDA AGUILAR LUIS ANTONIO | Q68: 14119956 | R68: 32 | S68: 0.0034722222 | T68: -0.016863426 | U68: Inicia tarde | V68: Llega a Tiempo | W68: Inicia tarde-Llega a Tiempo | X68: 32 | Y68: NO | Z68: BethelSANMINA GDL | AA68: PABLO F. | AB68: Felipe M. | AC68: SANMINA GDLBethel | AD68: E-SAN-R0061 | AE68: T1 | AF68: Bethel-R0061-05:00
A69: 175676358 | B69: E-SK1-T1-R0028 | C69: Juanacatlan | D69: N | E69: 16733 | F69: IN | G69: SANMINA KAMPUS 16 | H69: 46242 | I69: 0.20833333 | J69: 0.21319444 | K69: done | L69: 46242 | M69: 0.26736111 | N69: 0.25537037 | O69: done | P69: CORTES ARMENTA HERNAN | Q69: 14103106 | R69: 32 | S69: 0.0048611111 | T69: -0.011990741 | U69: Inicia tarde | V69: Llega a Tiempo | W69: Inicia tarde-Llega a Tiempo | X69: 32 | Y69: NO | Z69: JuanacatlanSANMINA KAMPUS 16 | AA69: BRIAN A. | AB69: Felipe M. | AC69: SANMINA KAMPUS 16Juanacatlan | AD69: E-SK1-R0028 | AE69: T1 | AF69: Juanacatlan-R0028-05:00
A70: 175676625 | B70: E-SM4-T1-R0117 | C70: Santa Fe 3 | D70: N | E70: 16769 | F70: IN | G70: SANMINA TLAJOMULCO | H70: 46242 | I70: 0.20833333 | J70: 0.21666667 | K70: done | L70: 46242 | M70: 0.26736111 | N70: 0.24476852 | O70: done | P70: RAMOS DELGADO FRANCISCO | Q70: 14108916 | R70: 32 | S70: 0.0083333333 | T70: -0.022592593 | U70: Inicia tarde | V70: Llega a Tiempo | W70: Inicia tarde-Llega a Tiempo | X70: 32 | Y70: NO | Z70: Santa Fe 3SANMINA TLAJOMULCO | AA70: CUAUHTEMOC M. | AB70: Felipe M. | AC70: SANMINA TLAJOMULCOSanta Fe 3 | AD70: E-SM4-R0117 | AE70: T1 | AF70: Santa Fe 3-R0117-05:00
A71: 175682336 | B71: E-SM4-T1-R0204 | C71: San Sebastian 2 | D71: N | E71: 7915 | F71: IN | G71: SANMINA TLAJOMULCO | H71: 46242 | I71: 0.20833333 | J71: 0.22013889 | K71: done | L71: 46242 | M71: 0.26736111 | N71: 0.25592593 | O71: done | P71: GONZALEZ VACA EDGAR ARTURO | Q71: 14119324 | R71: 32 | S71: 0.011805556 | T71: -0.011435185 | U71: Inicia tarde | V71: Llega a Tiempo | W71: Inicia tarde-Llega a Tiempo | X71: 32 | Y71: NO | Z71: San Sebastian 2SANMINA TLAJOMULCO | AA71: CUAUHTEMOC M. | AB71: Felipe M. | AC71: SANMINA TLAJOMULCOSan Sebastian 2 | AD71: E-SM4-R0204 | AE71: T1 | AF71: San Sebastian 2-R0204-05:00
A72: 175676375 | B72: E-SK1-T1-R0035 | C72: Puerta del Sol T1 | D72: N | E72: 17356 | F72: IN | G72: SANMINA KAMPUS 16 | H72: 46242 | I72: 0.20902778 | J72: 0.22361111 | K72: done | L72: 46242 | M72: 0.26736111 | N72: 0.2652662 | O72: done | P72: GODINEZ CONTRERAS SERGIO ALEJA | Q72: 14109134 | R72: 32 | S72: 0.014583333 | T72: -0.0020949074 | U72: Inicia tarde | V72: Llega a Tiempo | W72: Inicia tarde-Llega a Tiempo | X72: 32 | Y72: NO | Z72: Puerta del Sol T1SANMINA KAMPUS 16 | AA72: BRIAN A. | AB72: Felipe M. | AC72: SANMINA KAMPUS 16Puerta del Sol T1 | AD72: E-SK1-R0035 | AE72: T1 | AF72: Puerta del Sol T1-R0035-05:01
A73: 175681016 | B73: E-MOL-T1-R0024 | C73: Tetlán | D73: N | E73: 15485 | F73: IN | G73: MOLEX | H73: 46242 | I73: 0.21180556 | J73: 0.21527778 | K73: done | L73: 46242 | M73: 0.26041667 | N73: 0.25855324 | O73: done | P73: DIAZ BLANQUET ROSA JANNET | Q73: 14110604 | R73: 32 | S73: 0.0034722222 | T73: -0.0018634259 | U73: Inicia tarde | V73: Llega a Tiempo | W73: Inicia tarde-Llega a Tiempo | X73: 32 | Y73: NO | Z73: TetlánMOLEX | AA73: VICTOR C. | AB73: Leopoldo V. | AC73: MOLEXTetlán | AD73: E-MOL-R0024 | AE73: T1 | AF73: Tetlán-R0024-05:05
A74: 175685013 | B74: E-PIS-T1-R0089 | C74: Valle Dorado | D74: N | E74: 4411 | F74: IN | G74: PIS-PISA | H74: 46242 | I74: 0.21180556 | J74: 0.21527778 | K74: done | L74: 46242 | M74: 0.26736111 | N74: 0.25046296 | O74: done | P74: PANTOJA PERALES ALAN KERIM | Q74: 14123080 | R74: 32 | S74: 0.0034722222 | T74: -0.016898148 | U74: Inicia tarde | V74: Llega a Tiempo | W74: Inicia tarde-Llega a Tiempo | X74: 32 | Y74: NO | Z74: Valle DoradoPIS-PISA | AA74: DAVID C. | AB74: Felipe M. | AC74: PIS-PISAValle Dorado | AD74: E-PIS-R0089 | AE74: T1 | AF74: Valle Dorado-R0089-05:05
A75: 175676329 | B75: E-SK1-T1-R0017 | C75: Chulavista Valle Dorado T1 | D75: N | E75: 6352 | F75: IN | G75: SANMINA KAMPUS 16 | H75: 46242 | I75: 0.21319444 | J75: 0.22083333 | K75: done | L75: 46242 | M75: 0.26736111 | N75: 0.2559375 | O75: done | P75: CARDONA PRECIADO JOSE MANUEL | Q75: 14122673 | R75: 32 | S75: 0.0076388889 | T75: -0.011423611 | U75: Inicia tarde | V75: Llega a Tiempo | W75: Inicia tarde-Llega a Tiempo | X75: 32 | Y75: NO | Z75: Chulavista Valle Dorado T1SANMINA KAMPUS 16 | AA75: BRIAN A. | AB75: Felipe M. | AC75: SANMINA KAMPUS 16Chulavista Valle Dorado T1 | AD75: E-SK1-R0017 | AE75: T1 | AF75: Chulavista Valle Dorado T1-R0017-05:07
A76: 175676349 | B76: E-SK1-T1-R0025 | C76: Juan Pablo II | D76: N | E76: 13844 | F76: IN | G76: SANMINA KAMPUS 16 | H76: 46242 | I76: 0.21527778 | J76: 0.22361111 | K76: done | L76: 46242 | M76: 0.26736111 | N76: 0.25515046 | O76: done | P76: TELLES PADILLA JOSE MANUEL | Q76: 14108222 | R76: 32 | S76: 0.0083333333 | T76: -0.012210648 | U76: Inicia tarde | V76: Llega a Tiempo | W76: Inicia tarde-Llega a Tiempo | X76: 32 | Y76: NO | Z76: Juan Pablo IISANMINA KAMPUS 16 | AA76: BRIAN A. | AB76: Felipe M. | AC76: SANMINA KAMPUS 16Juan Pablo II | AD76: E-SK1-R0025 | AE76: T1 | AF76: Juan Pablo II-R0025-05:10
... A89: 175683959 | B89: E-FOX-T1-R0098 | C89: El Colli | D89: N | E89: 14692 | F89: IN | G89: FOXCONN | H89: 46242 | I89: 0.22916667 | J89: 0.25208333 | K89: done | L89: 46242 | M89: 0.28125 | N89: 0.28428241 | O89: done | P89: REA PINEDO SALVADOR MANUEL | Q89: 14123725 | R89: 32 | S89: 0.022916667 | T89: 0.0030324074 | U89: Inicia tarde | V89: Llega a Tiempo | W89: Inicia tarde-Llega a Tiempo | X89: 32 | Y89: NO | Z89: El ColliFOXCONN | AA89: CANDELAS | AB89: Leopoldo V. | AC89: FOXCONNEl Colli | AD89: E-FOX-R0098 | AE89: T1 | AF89: El Colli-R0098-05:30
A90: 175669566 | B90: E-PEP-T1-R0008 | C90: Moctezuma Miramar | D90: N | E90: 5725 | F90: IN | G90: PEPSICO GDL | H90: 46242 | I90: 0.23472222 | J90: 0.30069444 | K90: done | L90: 46242 | M90: 0.27083333 | N90: 0.27943287 | O90: done | P90: OPERADOR NO REGISTRADO | R90: 32 | S90: 0.065972222 | T90: 0.008599537 | U90: Inicia tarde | V90: Llega tarde | W90: Inicia tarde-Llega tarde | X90: 32 | Y90: NO | Z90: Moctezuma MiramarPEPSICO GDL | AA90: DANIEL | AB90: Leopoldo V. | AC90: PEPSICO GDLMoctezuma Miramar | AD90: E-PEP-R0008 | AE90: T1 | AF90: Moctezuma Miramar-R0008-05:38
A91: 175687004 | B91: E-FOX-T1-R0254 | C91: Casa Blanca | D91: N | E91: 17182 | F91: IN | G91: FOXCONN | H91: 46242 | I91: 0.23541667 | J91: 0.23888889 | K91: done | L91: 46242 | M91: 0.28125 | N91: 0.27040509 | O91: done | P91: VILLARRUEL RAMIREZ GILBERTO | Q91: 14120199 | R91: 32 | S91: 0.0034722222 | T91: -0.010844907 | U91: Inicia tarde | V91: Llega a Tiempo | W91: Inicia tarde-Llega a Tiempo | X91: 32 | Y91: NO | Z91: Casa BlancaFOXCONN | AA91: DIEGOVO. | AB91: Leopoldo V. | AC91: FOXCONNCasa Blanca | AD91: E-FOX-R0254 | AE91: T1 | AF91: Casa Blanca-R0254-05:39
A92: 175685050 | B92: E-FOX-T1-R0139 | C92: Apoyo Chulavista | D92: N | E92: 10359 | F92: IN | G92: FOXCONN | H92: 46242 | I92: 0.23611111 | J92: 0.24375 | K92: done | L92: 46242 | M92: 0.28125 | N92: 0.27219907 | O92: done | P92: AGRIPINO ROBLES MARIO ALFONS | Q92: 14112026 | R92: 32 | S92: 0.0076388889 | T92: -0.0090509259 | U92: Inicia tarde | V92: Llega a Tiempo | W92: Inicia tarde-Llega a Tiempo | X92: 32 | Y92: NO | Z92: Apoyo ChulavistaFOXCONN | AA92: DIEGOVO. | AB92: Leopoldo V. | AC92: FOXCONNApoyo Chulavista | AD92: E-FOX-R0139 | AE92: T1 | AF92: Apoyo Chulavista-R0139-05:40
A93: 175674626 | B93: E-HPH-T1-R0001 | C93: Tetlan 1 | D93: N | E93: 5428 | F93: IN | G93: HOSPITAL PUERTA DE HIERRO | H93: 46242 | I93: 0.23958333 | J93: 0.24305556 | K93: done | L93: 46242 | M93: 0.28472222 | N93: 0.28416667 | O93: done | P93: HERNANDEZ SANCHEZ DAVID SALOMON | Q93: 14124020 | R93: 32 | S93: 0.0034722222 | T93: -0.00055555556 | U93: Inicia tarde | V93: Llega a Tiempo | W93: Inicia tarde-Llega a Tiempo | X93: 32 | Y93: NO | Z93: Tetlan 1HOSPITAL PUERTA DE HIERRO | AA93: OSCAR I | AB93: Ilse M. | AC93: HOSPITAL PUERTA DE HIERROTetlan 1 | AD93: E-HPH-R0001 | AE93: T1 | AF93: Tetlan 1-R0001-05:45
A94: 175674727 | B94: E-PEP-T1-R0049 | C94: Moctezuma Santa Rita | D94: N | E94: 5429 | F94: IN | G94: PEPSICO GDL | H94: 46242 | I94: 0.23958333 | J94: 0.24583333 | K94: done | L94: 46242 | M94: 0.27083333 | N94: 0.26908565 | O94: done | P94: OPERADOR NO REGISTRADO | R94: 32 | S94: 0.00625 | T94: -0.0017476852 | U94: Inicia tarde | V94: Llega a Tiempo | W94: Inicia tarde-Llega a Tiempo | X94: 32 | Y94: NO | Z94: Moctezuma Santa RitaPEPSICO GDL | AA94: DANIEL | AB94: Leopoldo V. | AC94: PEPSICO GDLMoctezuma Santa Rita | AD94: E-PEP-R0049 | AE94: T1 | AF94: Moctezuma Santa Rita-R0049-05:45
A95: 175678605 | B95: E-ZFF-T1-R0007 | C95: Op FOR Buenavista | D95: N | E95: 5422 | F95: IN | G95: ZF FORANEO | H95: 46242 | I95: 0.23958333 | J95: 0.25277778 | K95: done | L95: 46242 | M95: 0.26388889 | N95: 0.2678125 | O95: done | P95: LEYVA MENDOZA MARCO ANTONIO | Q95: 14112603 | R95: 32 | S95: 0.013194444 | T95: 0.0039236111 | U95: Inicia tarde | V95: Llega tarde | W95: Inicia tarde-Llega tarde | X95: 32 | Y95: NO | Z95: Op FOR BuenavistaZF FORANEO | AA95: AGEO C. | AB95: Ilse M. | AC95: ZF FORANEOOp FOR Buenavista | AD95: E-ZFF-R0007 | AE95: T1 | AF95: Op FOR Buenavista-R0007-05:45
A96: 175685090 | B96: E-FOX-T1-R0155 | C96: Lomas de Polanco | D96: N | E96: 13005 | F96: IN | G96: FOXCONN | H96: 46242 | I96: 0.24236111 | J96: 0.24930556 | K96: done | L96: 46242 | M96: 0.28125 | N96: 0.27670139 | O96: done | P96: LIERA LOPEZ FRANCISCO JAIR | Q96: 14122294 | R96: 32 | S96: 0.0069444444 | T96: -0.0045486111 | U96: Inicia tarde | V96: Llega a Tiempo | W96: Inicia tarde-Llega a Tiempo | X96: 32 | Y96: NO | Z96: Lomas de PolancoFOXCONN | AA96: CANDELAS | AB96: Leopoldo V. | AC96: FOXCONNLomas de Polanco | AD96: E-FOX-R0155 | AE96: T1 | AF96: Lomas de Polanco-R0155-05:49
A97: 175681910 | B97: E-HLL-T1-R0015 | C97: La Azucena | D97: N | E97: 5435 | F97: IN | G97: HELLA GDL | H97: 46242 | I97: 0.24305556 | J97: 0.25069444 | K97: done | L97: 46242 | M97: 0.26041667 | N97: 0.26041667 | O97: done | P97: PINEDA VELAZQUEZ PASCUAL | Q97: 14118892 | R97: 32 | S97: 0.0076388889 | T97: 0 | U97: Inicia tarde | V97: Llega a Tiempo | W97: Inicia tarde-Llega a Tiempo | X97: 32 | Y97: NO | Z97: La AzucenaHELLA GDL | AA97: SIMON / EUGI | AB97: Ilse M. | AC97: HELLA GDLLa Azucena | AD97: E-HLL-R0015 | AE97: T1 | AF97: La Azucena-R0015-05:50
A98: 175687745 | B98: E-PAQ-T1-R0052 | C98: Santa Fe T1 | D98: N | E98: 13388 | F98: IN | G98: PAQUETEXPRESS GDL | H98: 46242 | I98: 0.24652778 | J98: 0.25069444 | K98: done | L98: 46242 | M98: 0.29166667 | N98: 0.27960648 | O98: done | P98: VALADEZ SANDOVAL ROBERTO | Q98: 14111266 | R98: 32 | S98: 0.0041666667 | T98: -0.012060185 | U98: Inicia tarde | V98: Llega a Tiempo | W98: Inicia tarde-Llega a Tiempo | X98: 32 | Y98: NO | Z98: Santa Fe T1PAQUETEXPRESS GDL | AA98: DAVID D. | AB98: Leopoldo V. | AC98: PAQUETEXPRESS GDLSanta Fe T1 | AD98: #N/A | AE98: T1 | AF98: Santa Fe T1-R0052-05:55
A99: 175681291 | B99: E-FOX-T1-R0065 | C99: Villas de la Hacienda | D99: N | E99: 16740 | F99: IN | G99: FOXCONN | H99: 46242 | I99: 0.25 | J99: 0.27986111 | K99: done | L99: 46242 | M99: 0.28125 | N99: 0.30925926 | O99: done | P99: SEGOVIA AVILA RAUL | Q99: 14122136 | R99: 32 | S99: 0.029861111 | T99: 0.028009259 | U99: Inicia tarde | V99: Llega tarde | W99: Inicia tarde-Llega tarde | X99: 32 | Y99: NO | Z99: Villas de la HaciendaFOXCONN | AA99: #N/A | AB99: #N/A | AC99: FOXCONNVillas de la Hacienda | AD99: E-FOX-R0065 | AE99: T1 | AF99: Villas de la Hacienda-R0065-06:00
A100: 175682939 | B100: E-FOX-T1-R0086 | C100: Las Villas | D100: N | E100: 5747 | F100: IN | G100: FOXCONN | H100: 46242 | I100: 0.25 | J100: 0.27083333 | K100: done | L100: 46242 | M100: 0.28125 | N100: 0.29577546 | O100: done | P100: COSME SANDOVAL PASTOR | Q100: 14119481 | R100: 32 | S100: 0.020833333 | T100: 0.014525463 | U100: Inicia tarde | V100: Llega tarde | W100: Inicia tarde-Llega tarde | X100: 32 | Y100: NO | Z100: Las VillasFOXCONN | AA100: DIEGOVO. | AB100: Leopoldo V. | AC100: FOXCONNLas Villas | AD100: E-FOX-R0086 | AE100: T1 | AF100: Las Villas-R0086-06:00
A101: 175687016 | B101: E-FOX-T1-R0258 | C101: Apoyo Las Villas | D101: N | E101: 5747 | F101: IN | G101: FOXCONN | H101: 46242 | I101: 0.25138889 | J101: 0.27430556 | K101: done | L101: 46242 | M101: 0.28125 | N101: 0.29577546 | O101: done | P101: COSME SANDOVAL PASTOR | Q101: 14119481 | R101: 32 | S101: 0.022916667 | T101: 0.014525463 | U101: Inicia tarde | V101: Llega tarde | W101: Inicia tarde-Llega tarde | X101: 32 | Y101: NO | Z101: Apoyo Las VillasFOXCONN | AA101: DIEGOVO. | AB101: Leopoldo V. | AC101: FOXCONNApoyo Las Villas | AD101: E-FOX-R0258 | AE101: T1 | AF101: Apoyo Las Villas-R0258-06:02
A102: 175679647 | B102: E-JLL-T1-R0007 | C102: ADM Ocotlan | D102: N | E102: 10746 | F102: IN | G102: JLL | H102: 46242 | I102: 0.30902778 | J102: 0.31388889 | K102: done | L102: 46242 | M102: 0.375 | O102: start | P102: AGUIÑAGA GUERRERO JOSE DAMIA | Q102: 14121728 | R102: 32 | S102: 0.0048611111 | T102: -0.375 | U102: Inicia tarde | V102: Llega a Tiempo | W102: Inicia tarde-Llega a Tiempo | X102: 32 | Y102: NO | Z102: ADM OcotlanJLL | AA102: MANUEL G. | AB102: Ilse M. | AC102: JLLADM Ocotlan | AD102: E-JLL-R0007 | AE102: T1 | AF102: ADM Ocotlan-R0007-07:25
A103: 175679350 | B103: E-HER-T2-R0007 | C103: Tonala | D103: N | E103: 15765 | F103: IN | G103: HERSHEYS | H103: 46242 | I103: 0.40277778 | J103: 0.40694444 | K103: done | L103: 46242 | M103: 0.45833333 | N103: 0.44788194 | O103: done | P103: OLMEDO LORETO SERGIO MOISES AN | Q103: 14113198 | R103: 32 | S103: 0.0041666667 | T103: -0.010451389 | U103: Inicia tarde | V103: Llega a Tiempo | W103: Inicia tarde-Llega a Tiempo | X103: 32 | Y103: NO | Z103: TonalaHERSHEYS | AA103: CARLOS C. | AB103: Ilse M. | AC103: HERSHEYSTonala | AD103: E-HER-R0007 | AE103: T2 | AF103: Tonala-R0007-09:40
A104: 175679360 | B104: E-HER-T2-R0011 | C104: El Salto Azucena | D104: N | E104: 15185 | F104: IN | G104: HERSHEYS | H104: 46242 | I104: 0.43472222 | J104: 0.44027778 | K104: done | L104: 46242 | M104: 0.45833333 | N104: 0.45347222 | O104: done | P104: RODRIGUEZ MARTINEZ OMAR ROGELIO | Q104: 14122925 | R104: 32 | S104: 0.0055555556 | T104: -0.0048611111 | U104: Inicia tarde | V104: Llega a Tiempo | W104: Inicia tarde-Llega a Tiempo | X104: 32 | Y104: NO | Z104: El Salto AzucenaHERSHEYS | AA104: CARLOS C. | AB104: Ilse M. | AC104: HERSHEYSEl Salto Azucena | AD104: E-HER-R0011 | AE104: T2 | AF104: El Salto Azucena-R0011-10:26
A105: 175676289 | B105: E-PAQ-T2-R0007 | C105: Juan de la Barrera Fin de semana | D105: N | E105: 5415 | F105: IN | G105: PAQUETEXPRESS GDL | H105: 46242 | I105: 0.51388889 | J105: 0.53958333 | K105: done | L105: 46242 | M105: 0.58333333 | N105: 0.6077662 | O105: done | P105: ORTUÑO TORRES ABRAHAM | Q105: 14122137 | R105: 32 | S105: 0.025694444 | T105: 0.02443287 | U105: Inicia tarde | V105: Llega tarde | W105: Inicia tarde-Llega tarde | X105: 32 | Y105: NO | Z105: Juan de la Barrera Fin de semanaPAQUETEXPRESS GDL | AA105: DAVID D. | AB105: Leopoldo V. | AC105: PAQUETEXPRESS GDLJuan de la Barrera Fin de semana | AD105: #N/A | AE105: T2 | AF105: Juan de la Barrera Fin de semana-R0007-12:20
A106: 175678130 | B106: E-SOR-T2-R0033 | C106: El Vado | D106: N | E106: 11387 | F106: IN | G106: SORIANA GDL | H106: 46242 | I106: 0.52083333 | J106: 0.52847222 | K106: done | L106: 46242 | M106: 0.57291667 | N106: 0.58091435 | O106: done | P106: VELAZCO FLORES JORGE IVAN | Q106: 14122293 | R106: 32 | S106: 0.0076388889 | T106: 0.0079976852 | U106: Inicia tarde | V106: Llega tarde | W106: Inicia tarde-Llega tarde | X106: 32 | Y106: NO | Z106: El VadoSORIANA GDL | AA106: OSCAR I | AB106: Ilse M. | AC106: SORIANA GDLEl Vado | AD106: E-SOR-R0033 | AE106: T2 | AF106: El Vado-R0033-12:30
A107: 175681742 | B107: E-SAN-T2-R0454 | C107: Angel Leaño T2 Y T3 | D107: N | E107: 17360 | F107: IN | G107: SANMINA GDL | H107: 46242 | I107: 0.52083333 | J107: 0.52916667 | K107: done | L107: 46242 | M107: 0.60069444 | N107: 0.58929398 | O107: done | P107: ALONZO PEREZ JOSE REYES | Q107: 14100727 | R107: 32 | S107: 0.0083333333 | T107: -0.011400463 | U107: Inicia tarde | V107: Llega a Tiempo | W107: Inicia tarde-Llega a Tiempo | X107: 32 | Y107: NO | Z107: Angel Leaño T2 Y T3SANMINA GDL | AA107: PABLO F. | AB107: Felipe M. | AC107: SANMINA GDLAngel Leaño T2 Y T3 | AD107: E-SAN-R0454 | AE107: T2 | AF107: Angel Leaño T2 Y T3-R0454-12:30
A108: 175684771 | B108: E-SAN-T2-R0497 | C108: Zapopan T2 y T3 | D108: N | E108: 5461 | F108: IN | G108: SANMINA GDL | H108: 46242 | I108: 0.52083333 | J108: 0.52430556 | K108: done | L108: 46242 | M108: 0.60069444 | N108: 0.5887037 | O108: done | P108: HERNANDEZ GARCIA VICTOR MANUEL | Q108: 14110799 | R108: 32 | S108: 0.0034722222 | T108: -0.011990741 | U108: Inicia tarde | V108: Llega a Tiempo | W108: Inicia tarde-Llega a Tiempo | X108: 32 | Y108: NO | Z108: Zapopan T2 y T3SANMINA GDL | AA108: PABLO F. | AB108: Felipe M. | AC108: SANMINA GDLZapopan T2 y T3 | AD108: E-SAN-R0497 | AE108: T2 | AF108: Zapopan T2 y T3-R0497-12:30
A109: 175681809 | B109: E-SAN-T2-R0455 | C109: Tesistan T2 | D109: N | E109: 5474 | F109: IN | G109: SANMINA GDL | H109: 46242 | I109: 0.52777778 | J109: 0.53333333 | K109: done | L109: 46242 | M109: 0.60069444 | N109: 0.59996528 | O109: done | P109: GUILLEN VEGA GUILLERMO | Q109: 14121545 | R109: 32 | S109: 0.0055555556 | T109: -0.00072916667 | U109: Inicia tarde | V109: Llega a Tiempo | W109: Inicia tarde-Llega a Tiempo | X109: 32 | Y109: NO | Z109: Tesistan T2SANMINA GDL | AA109: PABLO F. | AB109: Felipe M. | AC109: SANMINA GDLTesistan T2 | AD109: E-SAN-R0455 | AE109: T2 | AF109: Tesistan T2-R0455-12:40
A110: 175669983 | B110: E-SAN-T2-R0061 | C110: Bethel | D110: N | E110: 16744 | F110: IN | G110: SANMINA GDL | H110: 46242 | I110: 0.53472222 | J110: 0.53888889 | K110: done | L110: 46242 | M110: 0.60069444 | N110: 0.62356481 | O110: done | P110: CASTAÑEDA AGUILAR LUIS ANTONIO | Q110: 14119956 | R110: 32 | S110: 0.0041666667 | T110: 0.02287037 | U110: Inicia tarde | V110: Llega tarde | W110: Inicia tarde-Llega tarde | X110: 32 | Y110: NO | Z110: BethelSANMINA GDL | AA110: PABLO F. | AB110: Felipe M. | AC110: SANMINA GDLBethel | AD110: E-SAN-R0061 | AE110: T2 | AF110: Bethel-R0061-12:50
A111: 175676534 | B111: E-SM4-T2-R0082 | C111: Balcones de Santa Maria | D111: N | E111: 13537 | F111: IN | G111: SANMINA TLAJOMULCO | H111: 46242 | I111: 0.53472222 | J111: 0.53819444 | K111: done | L111: 46242 | M111: 0.60069444 | N111: 0.58060185 | O111: done | P111: CHAVEZ PALOMARES MARIANO | Q111: 14123925 | R111: 32 | S111: 0.0034722222 | T111: -0.020092593 | U111: Inicia tarde | V111: Llega a Tiempo | W111: Inicia tarde-Llega a Tiempo | X111: 32 | Y111: NO | Z111: Balcones de Santa MariaSANMINA TLAJOMULCO | AA111: CUAUHTEMOC M. | AB111: Felipe M. | AC111: SANMINA TLAJOMULCOBalcones de Santa Maria | AD111: E-SM4-R0082 | AE111: T2 | AF111: Balcones de Santa Maria-R0082-12:50
A112: 175684098 | B112: E-SK1-T2-R0083 | C112: Jauja T2 | D112: N | E112: 5437 | F112: IN | G112: SANMINA KAMPUS 16 | H112: 46242 | I112: 0.53680556 | J112: 0.55347222 | K112: done | L112: 46242 | M112: 0.60069444 | N112: 0.5953125 | O112: done | P112: LIZALDE VERDE FERNANDO BETZABE | Q112: 14122263 | R112: 32 | S112: 0.016666667 | T112: -0.0053819444 | U112: Inicia tarde | V112: Llega a Tiempo | W112: Inicia tarde-Llega a Tiempo | X112: 32 | Y112: NO | Z112: Jauja T2SANMINA KAMPUS 16 | AA112: BRIAN A. | AB112: Felipe M. | AC112: SANMINA KAMPUS 16Jauja T2 | AD112: E-SK1-R0083 | AE112: T2 | AF112: Jauja T2-R0083-12:53
A113: 175676606 | B113: E-SM4-T2-R0109 | C113: San Sebastian 1 T2 y T3 | D113: N | E113: 5672 | F113: IN | G113: SANMINA TLAJOMULCO | H113: 46242 | I113: 0.53819444 | J113: 0.54583333 | K113: done | L113: 46242 | M113: 0.60069444 | N113: 0.58186343 | O113: done | P113: GAYTAN HERNANDEZ PEDRO | Q113: 14104971 | R113: 32 | S113: 0.0076388889 | T113: -0.018831019 | U113: Inicia tarde | V113: Llega a Tiempo | W113: Inicia tarde-Llega a Tiempo | X113: 32 | Y113: NO | Z113: San Sebastian 1 T2 y T3SANMINA TLAJOMULCO | AA113: CUAUHTEMOC M. | AB113: Felipe M. | AC113: SANMINA TLAJOMULCOSan Sebastian 1 T2 y T3 | AD113: E-SM4-R0109 | AE113: T2 | AF113: San Sebastian 1 T2 y T3-R0109-12:55
A114: 175680052 | B114: E-FOX-T2-R0022 | C114: Arcos Zapopan | D114: N | E114: 14687 | F114: IN | G114: FOXCONN | H114: 46242 | I114: 0.53819444 | J114: 0.54652778 | K114: done | L114: 46242 | M114: 0.61458333 | N114: 0.59864583 | O114: done | P114: SANCHEZ SANTIAGO IRAD BLASAMIR | Q114: 14121791 | R114: 32 | S114: 0.0083333333 | T114: -0.0159375 | U114: Inicia tarde | V114: Llega a Tiempo | W114: Inicia tarde-Llega a Tiempo | X114: 32 | Y114: NO | Z114: Arcos ZapopanFOXCONN | AA114: CANDELAS | AB114: Leopoldo V. | AC114: FOXCONNArcos Zapopan | AD114: E-FOX-R0022 | AE114: T2 | AF114: Arcos Zapopan-R0022-12:55
A115: 175684137 | B115: E-SK1-T2-R0084 | C115: Chulavista 2 T2 | D115: N | E115: 16734 | F115: IN | G115: SANMINA KAMPUS 16 | H115: 46242 | I115: 0.53819444 | J115: 0.54166667 | K115: done | L115: 46242 | M115: 0.60069444 | N115: 0.58789352 | O115: done | P115: VAZQUEZ FLORES FABIAN | Q115: 14107967 | R115: 32 | S115: 0.0034722222 | T115: -0.012800926 | U115: Inicia tarde | V115: Llega a Tiempo | W115: Inicia tarde-Llega a Tiempo | X115: 32 | Y115: NO | Z115: Chulavista 2 T2SANMINA KAMPUS 16 | AA115: BRIAN A. | AB115: Felipe M. | AC115: SANMINA KAMPUS 16Chulavista 2 T2 | AD115: E-SK1-R0084 | AE115: T2 | AF115: Chulavista 2 T2-R0084-12:55
A116: 175685974 | B116: E-SM4-T2-R0239 | C116: Fovisste Miravalle T2 y T3 | D116: N | E116: 13375 | F116: IN | G116: SANMINA TLAJOMULCO | H116: 46242 | I116: 0.54166667 | J116: 0.54930556 | K116: done | L116: 46242 | M116: 0.60069444 | N116: 0.58679398 | O116: done | P116: VALLE SANCHEZ RAFAEL | Q116: 14117509 | R116: 32 | S116: 0.0076388889 | T116: -0.013900463 | U116: Inicia tarde | V116: Llega a Tiempo | W116: Inicia tarde-Llega a Tiempo | X116: 32 | Y116: NO | Z116: Fovisste Miravalle T2 y T3SANMINA TLAJOMULCO | AA116: CUAUHTEMOC M. | AB116: Felipe M. | AC116: SANMINA TLAJOMULCOFovisste Miravalle T2 y T3 | AD116: E-SM4-R0239 | AE116: T2 | AF116: Fovisste Miravalle T2 y T3-R0239-13:00
A117: 175669576 | B117: E-PEÑ-T2-R0001 | C117: Santa Fe - Tlajomulco | D117: N | E117: 4978 | F117: IN | G117: PEÑAFIEL GDL | H117: 46242 | I117: 0.54513889 | J117: 0.55069444 | K117: done | L117: 46242 | M117: 0.59722222 | N117: 0.59930556 | O117: done | P117: PADILLA MORENO RENE | Q117: 14122291 | R117: 32 | S117: 0.0055555556 | T117: 0.0020833333 | U117: Inicia tarde | V117: Llega a Tiempo | W117: Inicia tarde-Llega a Tiempo | X117: 32 | Y117: NO | Z117: Santa Fe - TlajomulcoPEÑAFIEL GDL | AA117: DAVID M | AB117: Ilse M. | AC117: PEÑAFIEL GDLSanta Fe - Tlajomulco | AD117: E-PEÑ-R0001 | AE117: T2 | AF117: Santa Fe - Tlajomulco-R0001-13:05
... A131: 175685026 | B131: E-PIS-T2-R0095 | C131: Las Vias | D131: N | E131: 4534 | F131: IN | G131: PIS-PISA | H131: 46242 | I131: 0.72222222 | J131: 0.72708333 | K131: done | L131: 46242 | M131: 0.76736111 | N131: 0.75478009 | O131: done | P131: DELGADILLO SANCHEZ EDSON FABIA | Q131: 14122113 | R131: 32 | S131: 0.0048611111 | T131: -0.012581019 | U131: Inicia tarde | V131: Llega a Tiempo | W131: Inicia tarde-Llega a Tiempo | X131: 32 | Y131: NO | Z131: Las ViasPIS-PISA | AA131: DAVID C. | AB131: Felipe M. | AC131: PIS-PISALas Vias | AD131: E-PIS-R0095 | AE131: T2 | AF131: Las Vias-R0095-17:20
A132: 175669553 | B132: E-PEP-T3-R0001 | C132: Moctezuma Santa Fe | D132: N | E132: 10363 | F132: IN | G132: PEPSICO GDL | H132: 46242 | I132: 0.83333333 | J132: 0.83819444 | K132: done | L132: 46242 | M132: 0.90277778 | N132: 0.89079861 | O132: done | P132: P.CORTEZ FLORES FERNANDO SAMUEL | R132: 32 | S132: 0.0048611111 | T132: -0.011979167 | U132: Inicia tarde | V132: Llega a Tiempo | W132: Inicia tarde-Llega a Tiempo | X132: 32 | Y132: NO | Z132: Moctezuma Santa FePEPSICO GDL | AA132: DANIEL | AB132: Leopoldo V. | AC132: PEPSICO GDLMoctezuma Santa Fe | AD132: E-PEP-R0001 | AE132: T3 | AF132: Moctezuma Santa Fe-R0001-20:00
A133: 175726885 | B133: E-SAN-T3-R0427 | C133: Dominical Tesistan Miramar | D133: N | E133: 5474 | F133: IN | G133: SANMINA GDL | H133: 46242 | I133: 0.86111111 | J133: 0.86458333 | K133: done | L133: 46242 | M133: 0.93402778 | N133: 0.93454861 | O133: done | P133: GUILLEN VEGA GUILLERMO | Q133: 14121545 | R133: 32 | S133: 0.0034722222 | T133: 0.00052083333 | U133: Inicia tarde | V133: Llega a Tiempo | W133: Inicia tarde-Llega a Tiempo | X133: 32 | Y133: NO | Z133: Dominical Tesistan MiramarSANMINA GDL | AA133: PABLO F. | AB133: Felipe M. | AC133: SANMINA GDLDominical Tesistan Miramar | AD133: E-SAN-R0427 | AE133: T3 | AF133: Dominical Tesistan Miramar-R0427-20:40
A134: 175726907 | B134: E-SM4-T3-R0236 | C134: Dominical San Sebastian 2 T2 y T3 | D134: N | E134: 7915 | F134: IN | G134: SANMINA TLAJOMULCO | H134: 46242 | I134: 0.86666667 | J134: 0.87083333 | K134: done | L134: 46242 | M134: 0.93402778 | N134: 0.92291667 | O134: done | P134: GONZALEZ VACA EDGAR ARTURO | Q134: 14119324 | R134: 32 | S134: 0.0041666667 | T134: -0.011111111 | U134: Inicia tarde | V134: Llega a Tiempo | W134: Inicia tarde-Llega a Tiempo | X134: 32 | Y134: NO | Z134: Dominical San Sebastian 2 T2 y T3SANMINA TLAJOMULCO | AA134: CUAUHTEMOC M. | AB134: Felipe M. | AC134: SANMINA TLAJOMULCODominical San Sebastian 2 T2 y T3 | AD134: E-SM4-R0236 | AE134: T3 | AF134: Dominical San Sebastian 2 T2 y T3-R0236-20:48
A135: 175726846 | B135: E-SM3-T3-R0136 | C135: Dominical El Salto-Piedras-Villas T3 | D135: N | E135: 6985 | F135: IN | G135: SANMINA FORANE | H135: 46242 | I135: 0.86805556 | J135: 0.87430556 | K135: done | L135: 46242 | M135: 0.93402778 | N135: 0.92956019 | O135: done | P135: MARTINEZ DE LA ROSA LUIS ALONSO | Q135: 14123519 | R135: 32 | S135: 0.00625 | T135: -0.0044675926 | U135: Inicia tarde | V135: Llega a Tiempo | W135: Inicia tarde-Llega a Tiempo | X135: 32 | Y135: NO | Z135: Dominical El Salto-Piedras-Villas T3SANMINA FORANE | AA135: HEROS M. | AB135: Felipe M. | AC135: SANMINA FORANEDominical El Salto-Piedras-Villas T3 | AD135: E-SM3-R0136 | AE135: T3 | AF135: Dominical El Salto-Piedras-Villas T3-R0136-20:50
A136: 175726906 | B136: E-SM4-T3-R0208 | C136: Dominical San Sebastian 1 T2 y T3 | D136: N | E136: 5672 | F136: IN | G136: SANMINA TLAJOMULCO | H136: 46242 | I136: 0.875 | J136: 0.88263889 | K136: done | L136: 46242 | M136: 0.93402778 | N136: 0.92457176 | O136: done | P136: GAYTAN HERNANDEZ PEDRO | Q136: 14104971 | R136: 32 | S136: 0.0076388889 | T136: -0.0094560185 | U136: Inicia tarde | V136: Llega a Tiempo | W136: Inicia tarde-Llega a Tiempo | X136: 32 | Y136: NO | Z136: Dominical San Sebastian 1 T2 y T3SANMINA TLAJOMULCO | AA136: CUAUHTEMOC M. | AB136: Felipe M. | AC136: SANMINA TLAJOMULCODominical San Sebastian 1 T2 y T3 | AD136: E-SM4-R0208 | AE136: T3 | AF136: Dominical San Sebastian 1 T2 y T3-R0208-21:00
A137: 175726877 | B137: E-SAN-T3-R0515 | C137: Dominical Loma Provincia-Adrian Puga T1 y T3 | D137: N | E137: 16767 | F137: IN | G137: SANMINA GDL | H137: 46242 | I137: 0.87847222 | J137: 0.88819444 | K137: done | L137: 46242 | M137: 0.93402778 | N137: 0.93938657 | O137: done | P137: GONZALEZ MARTINEZ OMAR | Q137: 14122683 | R137: 32 | S137: 0.0097222222 | T137: 0.0053587963 | U137: Inicia tarde | V137: Llega tarde | W137: Inicia tarde-Llega tarde | X137: 32 | Y137: NO | Z137: Dominical Loma Provincia-Adrian Puga T1 y T3SANMINA GDL | AA137: PABLO F. | AB137: Felipe M. | AC137: SANMINA GDLDominical Loma Provincia-Adrian Puga T1 y T3 | AD137: E-SAN-R0515 | AE137: T3 | AF137: Dominical Loma Provincia-Adrian Puga T1 y T3-R0515-21:05
A138: 175684095 | B138: E-SK1-T3-R0080 | C138: Chulavista Valle Dorado T3 | D138: N | E138: 5533 | F138: IN | G138: SANMINA KAMPUS 16 | H138: 46242 | I138: 0.87986111 | J138: 0.8875 | K138: done | L138: 46242 | M138: 0.93402778 | N138: 0.92671296 | O138: done | P138: JARAMILLO SANCHEZ MARCO ESTEBA | Q138: 14116431 | R138: 32 | S138: 0.0076388889 | T138: -0.0073148148 | U138: Inicia tarde | V138: Llega a Tiempo | W138: Inicia tarde-Llega a Tiempo | X138: 32 | Y138: NO | Z138: Chulavista Valle Dorado T3SANMINA KAMPUS 16 | AA138: BRIAN A. | AB138: Felipe M. | AC138: SANMINA KAMPUS 16Chulavista Valle Dorado T3 | AD138: E-SK1-R0080 | AE138: T3 | AF138: Chulavista Valle Dorado T3-R0080-21:07
A139: 175687026 | B139: E-FOX-T3-R0265 | C139: 3A Presa Osorio | D139: N | E139: 6313 | F139: IN | G139: FOXCONN | H139: 46242 | I139: 0.88194444 | J139: 0.88680556 | K139: done | L139: 46242 | M139: 0.92708333 | N139: 0.92604167 | O139: done | P139: VILLALOBOS GONZALEZ JONATHAN DAVID | Q139: 14122927 | R139: 32 | S139: 0.0048611111 | T139: -0.0010416667 | U139: Inicia tarde | V139: Llega a Tiempo | W139: Inicia tarde-Llega a Tiempo | X139: 32 | Y139: NO | Z139: 3A Presa OsorioFOXCONN | AA139: WENDY H. | AB139: Leopoldo V. | AC139: FOXCONN3A Presa Osorio | AD139: E-FOX-R0265 | AE139: T3 | AF139: 3A Presa Osorio-R0265-21:10
A140: 175684446 | B140: E-SK1-T3-R0087 | C140: San Martin | D140: N | E140: 6158 | F140: IN | G140: SANMINA KAMPUS 16 | H140: 46242 | I140: 0.88541667 | J140: 0.89791667 | K140: done | L140: 46242 | M140: 0.93402778 | N140: 0.93472222 | O140: done | R140: 32 | S140: 0.0125 | T140: 0.00069444444 | U140: Inicia tarde | V140: Llega a Tiempo | W140: Inicia tarde-Llega a Tiempo | X140: 32 | Y140: NO | Z140: San MartinSANMINA KAMPUS 16 | AA140: BRIAN A. | AB140: Felipe M. | AC140: SANMINA KAMPUS 16San Martin | AD140: E-SK1-R0087 | AE140: T3 | AF140: San Martin-R0087-21:15
...

Sheet DMAS
A1: udn | B1: driver_name | C1: 46243 | D1: 46242 | E1: 46241 | F1: 46240 | G1: 46239 | H1: 46238 | I1: 46237 | J1: Nomina | K1: CEROS | L1: LOGUEO
A2: LIPU GDL | B2: GARCIA SALCEDO FRANCISCO JAVIE | C2: 4.63 | D2: 6.35 | E2: 8.1399 | F2: 6.2999 | G2: 5.9 | H2: 3.62 | I2: 1.77 | J2: 14109436 | K2: =COUNTIF(C2:I2,0) -> 0 | L2: =IF(K2>1,"NO LOGUEO","LOGUEO") -> LOGUEO
A3: LIPU GDL | B3: GARCIA RAZO VICTOR MANUEL | C3: 1.2 | D3: 3.46 | E3: 7.01 | F3: 6.51 | G3: 6.34 | H3: 5.05 | I3: 2.3 | J3: 14121809 | K3: =COUNTIF(C3:I3,0) -> 0 | L3: =IF(K3>1,"NO LOGUEO","LOGUEO") -> LOGUEO
A4: LIPU GDL | B4: AGUINAGA GUERRERO JOSE DAMIA | C4: 0.52 | D4: 7.01 | E4: 5.12 | F4: 8.31 | G4: 5.37 | H4: 8.78 | I4: 5.91 | J4: 14121728 | K4: =COUNTIF(C4:I4,0) -> 0 | L4: =IF(K4>1,"NO LOGUEO","LOGUEO") -> LOGUEO
A5: LIPU GDL | B5: DE LA CRUZ PLASCENCIA ARMANDO | C5: 10.53 | D5: 6.26 | E5: 2.69 | F5: 3.13 | G5: 2.9699 | H5: 3.35 | I5: 4.57 | J5: 14121733 | K5: =COUNTIF(C5:I5,0) -> 0 | L5: =IF(K5>1,"NO LOGUEO","LOGUEO") -> LOGUEO
A6: LIPU GDL | B6: SERRANO MACHUCA MARTIN DE JESU | C6: 4.25 | D6: 3.06 | E6: 7.97 | F6: 8.47 | G6: 5.1099 | H6: 4.5599 | I6: 8.33 | J6: 14104315 | K6: =COUNTIF(C6:I6,0) -> 0 | L6: =IF(K6>1,"NO LOGUEO","LOGUEO") -> LOGUEO
A7: LIPU GDL | B7: PROCOPIO MENDOZA JUAN FERNANDO | C7: 0.59 | D7: 8.61 | E7: 9.2 | F7: 13.18 | G7: 9.16 | H7: 10.19 | I7: 9.33 | J7: 14121522 | K7: =COUNTIF(C7:I7,0) -> 0 | L7: =IF(K7>1,"NO LOGUEO","LOGUEO") -> LOGUEO
A8: LIPU GDL | B8: PINEDA VELAZQUEZ PASCUAL | C8: 4.9499 | D8: 5.03 | E8: 8.03 | F8: 8.4599 | G8: 6.2 | H8: 6.6 | I8: 4.6899 | J8: 14118892 | K8: =COUNTIF(C8:I8,0) -> 0 | L8: =IF(K8>1,"NO LOGUEO","LOGUEO") -> LOGUEO
A9: LIPU GDL | B9: SANTOS GOMEZ ARTURO | C9: 5.1899 | D9: 4.92 | E9: 1.8 | F9: 2.41 | G9: 4.1 | H9: 3.49 | I9: 4.47 | J9: 14112124 | K9: =COUNTIF(C9:I9,0) -> 0 | L9: =IF(K9>1,"NO LOGUEO","LOGUEO") -> LOGUEO
A10: LIPU GDL | B10: CHAVEZ MORA CESAR ADRIAN | C10: 4.26 | D10: 11.38 | E10: 11.7 | F10: 10.28 | G10: 9.3899 | H10: 11.36 | I10: 10.2899 | J10: 14121523 | K10: =COUNTIF(C10:I10,0) -> 0 | L10: =IF(K10>1,"NO LOGUEO","LOGUEO") -> LOGUEO
A11: LIPU GDL | B11: JIMENEZ QUIROZ JAVIER DE JESUS | C11: 1.6 | D11: 4.05 | E11: 5.8 | F11: 5.38 | G11: 5.8 | H11: 5.2 | I11: 4.45 | J11: 14119517 | K11: =COUNTIF(C11:I11,0) -> 0 | L11: =IF(K11>1,"NO LOGUEO","LOGUEO") -> LOGUEO
A12: LIPU GDL | B12: CLARO ROSALES JOSE MARIA | C12: 6.35 | D12: 1.72 | E12: 6.77 | F12: 3.1399 | G12: 6.35 | H12: 3.13 | I12: 6.8699 | J12: 14120850 | K12: =COUNTIF(C12:I12,0) -> 0 | L12: =IF(K12>1,"NO LOGUEO","LOGUEO") -> LOGUEO
A13: LIPU GDL | B13: REYES MARTINEZ MIGUEL ANGEL | C13: 5.87 | D13: 6.3599 | E13: 8.75 | F13: 8.1 | G13: 8.62 | H13: 7.9599 | I13: 7.5799 | J13: 14118184 | K13: =COUNTIF(C13:I13,0) -> 0 | L13: =IF(K13>1,"NO LOGUEO","LOGUEO") -> LOGUEO
... A221: LIPU GDL | B221: SANCHEZ PONCE JOSE ALBERTO | C221: 0 | D221: 9.4 | E221: 12.7399 | F221: 4.63 | G221: 8.59 | H221: 11.39 | I221: 5.55 | J221: 14100902 | K221: =COUNTIF(C221:I221,0) -> 1 | L221: =IF(K221>1,"NO LOGUEO","LOGUEO") -> LOGUEO
A222: LIPU GDL | B222: P.MARTINEZ LOPEZ PEDRO ALBERTO | C222: 0 | D222: 0.95 | E222: 2.47 | F222: 1.03 | G222: 1.22 | H222: 1.28 | I222: 1.92 | K222: =COUNTIF(C222:I222,0) -> 1 | L222: =IF(K222>1,"NO LOGUEO","LOGUEO") -> LOGUEO
A223: LIPU GDL | B223: ESPARZA OCHOA ARMANDO | C223: 4.4799 | D223: 5.75 | E223: 4.46 | F223: 0 | G223: 3.45 | H223: 6.05 | I223: 3.47 | J223: 14121543 | K223: =COUNTIF(C223:I223,0) -> 1 | L223: =IF(K223>1,"NO LOGUEO","LOGUEO") -> LOGUEO
A224: LIPU GDL | B224: GARCIA GARCIA RUBEN | C224: 0 | D224: 2.96 | E224: 3.17 | F224: 3.13 | G224: 3.02 | H224: 3.24 | I224: 3.1 | J224: 14114709 | K224: =COUNTIF(C224:I224,0) -> 1 | L224: =IF(K224>1,"NO LOGUEO","LOGUEO") -> LOGUEO
A225: LIPU GDL | B225: CHAVEZ RUIZ ARMANDO | C225: 0 | D225: 4.24 | E225: 6.29 | F225: 6.1999 | G225: 6.2699 | H225: 7.41 | I225: 5.71 | J225: 14121784 | K225: =COUNTIF(C225:I225,0) -> 1 | L225: =IF(K225>1,"NO LOGUEO","LOGUEO") -> LOGUEO
A226: LIPU GDL | B226: DE LA ROSA PORTUGAL ALBERTO | C226: 4.82 | D226: 4.4 | E226: 0 | F226: 5.38 | G226: 6.91 | H226: 6.1 | I226: 5.29 | J226: 14121672 | K226: =COUNTIF(C226:I226,0) -> 1 | L226: =IF(K226>1,"NO LOGUEO","LOGUEO") -> LOGUEO
A227: LIPU GDL | B227: GONZALEZ GERARDO URIEL | C227: 5.0599 | D227: 6.42 | E227: 6.93 | F227: 3.65 | G227: 0 | H227: 5.4 | I227: 7.05 | J227: 14121398 | K227: =COUNTIF(C227:I227,0) -> 1 | L227: =IF(K227>1,"NO LOGUEO","LOGUEO") -> LOGUEO
A228: LIPU GDL | B228: GUILLEN VEGA GUILLERMO | C228: 0 | D228: 12.46 | E228: 4.63 | F228: 4.9499 | G228: 8.28 | H228: 3.75 | I228: 8.9899 | J228: 14121545 | K228: =COUNTIF(C228:I228,0) -> 1 | L228: =IF(K228>1,"NO LOGUEO","LOGUEO") -> LOGUEO
A229: LIPU GDL | B229: LOPEZ RAYMUNDO ROBERTO | C229: 0 | D229: 9.7399 | E229: 4.51 | F229: 5.22 | G229: 1.2 | H229: 5.95 | I229: 7.99 | J229: 14100843 | K229: =COUNTIF(C229:I229,0) -> 1 | L229: =IF(K229>1,"NO LOGUEO","LOGUEO") -> LOGUEO
A230: LIPU GDL | B230: DIAZ BLANQUET ROSA JANNET | C230: 0 | D230: 4.18 | E230: 1.3699 | F230: 1.0299 | G230: 4.85 | H230: 8.02 | I230: 6.57 | J230: 14110604 | K230: =COUNTIF(C230:I230,0) -> 1 | L230: =IF(K230>1,"NO LOGUEO","LOGUEO") -> LOGUEO
A231: LIPU GDL | B231: AVILES BRITO JORGE | C231: 8.76 | D231: 0 | E231: 9.87 | F231: 9.4599 | G231: 8.7299 | H231: 2.65 | I231: 2.37 | J231: 14123985 | K231: =COUNTIF(C231:I231,0) -> 1 | L231: =IF(K231>1,"NO LOGUEO","LOGUEO") -> LOGUEO
A232: LIPU GDL | B232: CRUZ GUTIERREZ ALFREDO | C232: 0 | D232: 4.32 | E232: 6.98 | F232: 6.84 | G232: 6.93 | H232: 6.84 | I232: 6.42 | J232: 14100897 | K232: =COUNTIF(C232:I232,0) -> 1 | L232: =IF(K232>1,"NO LOGUEO","LOGUEO") -> LOGUEO
A233: LIPU GDL | B233: CASTILLO FUENTES MIGUEL | C233: 0 | D233: 7.46 | E233: 7.07 | F233: 5.6199 | G233: 8.8799 | H233: 6.91 | I233: 6.61 | J233: 14112730 | K233: =COUNTIF(C233:I233,0) -> 1 | L233: =IF(K233>1,"NO LOGUEO","LOGUEO") -> LOGUEO
A234: LIPU GDL | B234: RODRIGUEZ LOPEZ ANGEL ALBERTO | C234: 3.09 | D234: 6.66 | E234: 9.65 | F234: 3.55 | G234: 0 | H234: 7.34 | I234: 7.18 | J234: 14120925 | K234: =COUNTIF(C234:I234,0) -> 1 | L234: =IF(K234>1,"NO LOGUEO","LOGUEO") -> LOGUEO
... A434: LIPU GDL | B434: RAMIREZ MEDINA JULIAN | C434: 2.7599 | D434: 9.44 | E434: 9.07 | F434: 8.9699 | G434: 6.42 | H434: 7.4999 | I434: 0 | J434: 14119825 | K434: =COUNTIF(C434:I434,0) -> 1 | L434: =IF(K434>1,"NO LOGUEO","LOGUEO") -> LOGUEO
A435: LIPU GDL | B435: P.ALVAREZ REYES JAIRO DE JESUS | C435: 0 | D435: 1.33 | E435: 2.02 | F435: 0.4 | G435: 0.95 | H435: 2.0299 | I435: 1.71 | K435: =COUNTIF(C435:I435,0) -> 1 | L435: =IF(K435>1,"NO LOGUEO","LOGUEO") -> LOGUEO
A436: LIPU GDL | B436: RUIZ PALAFOX FRANCISCO JAVIER | C436: 11.27 | D436: 0 | E436: 4.2 | F436: 9.24 | G436: 3.68 | H436: 7.99 | I436: 4.91 | J436: 14123846 | K436: =COUNTIF(C436:I436,0) -> 1 | L436: =IF(K436>1,"NO LOGUEO","LOGUEO") -> LOGUEO
A437: LIPU GDL | B437: MARTINEZ PATRICIO ANGEL ULISES | C437: 6.89 | D437: 10.49 | E437: 8.1599 | F437: 0 | G437: 7.01 | H437: 6.87 | I437: 9.4199 | J437: 14119958 | K437: =COUNTIF(C437:I437,0) -> 1 | L437: =IF(K437>1,"NO LOGUEO","LOGUEO") -> LOGUEO
A438: LIPU GDL | B438: ROSAS MARTINEZ VICTOR FELIPE | C438: 2.62 | D438: 7.9199 | E438: 11.33 | F438: 9.37 | G438: 9.31 | H438: 4.04 | I438: 0 | J438: 14113140 | K438: =COUNTIF(C438:I438,0) -> 1 | L438: =IF(K438>1,"NO LOGUEO","LOGUEO") -> LOGUEO
A439: LIPU GDL | B439: GAYTAN PINEDO CARLOS ENRIQUE | C439: 0 | D439: 6.67 | E439: 9.13 | F439: 8.77 | G439: 8.0599 | H439: 6.89 | I439: 6.6 | J439: 14106438 | K439: =COUNTIF(C439:I439,0) -> 1 | L439: =IF(K439>1,"NO LOGUEO","LOGUEO") -> LOGUEO
A440: LIPU GDL | B440: RAMIREZ RUIZ RAUL | C440: 0 | D440: 12.26 | E440: 9.46 | F440: 11.2 | G440: 10.42 | H440: 11.03 | I440: 11.58 | J440: 14107081 | K440: =COUNTIF(C440:I440,0) -> 1 | L440: =IF(K440>1,"NO LOGUEO","LOGUEO") -> LOGUEO
A441: LIPU GDL | B441: ARIAS PATINO JOSE MANUEL | C441: 6.32 | D441: 6.81 | E441: 6.3199 | F441: 4.16 | G441: 0 | H441: 5.73 | I441: 9.36 | J441: 14122617 | K441: =COUNTIF(C441:I441,0) -> 1 | L441: =IF(K441>1,"NO LOGUEO","LOGUEO") -> LOGUEO
A442: LIPU GDL | B442: DEL TORO MARTINEZ HECTOR JOSE | C442: 10.45 | D442: 11.8 | E442: 11.9 | F442: 8.93 | G442: 0 | H442: 6.83 | I442: 13.48 | J442: 14103470 | K442: =COUNTIF(C442:I442,0) -> 1 | L442: =IF(K442>1,"NO LOGUEO","LOGUEO") -> LOGUEO
A443: LIPU GDL | B443: PLASCENCIA ESQUIVEL FRANCISCO | C443: 0 | D443: 8.75 | E443: 4.05 | F443: 8.92 | G443: 9.1 | H443: 8.7899 | I443: 8.61 | J443: 14106066 | K443: =COUNTIF(C443:I443,0) -> 1 | L443: =IF(K443>1,"NO LOGUEO","LOGUEO") -> LOGUEO
A444: LIPU GDL | B444: ROBLES DEADEL LAZARO | C444: 4.98 | D444: 2.84 | E444: 0 | F444: 5.05 | G444: 3.42 | H444: 6.66 | I444: 2.48 | J444: 14100732 | K444: =COUNTIF(C444:I444,0) -> 1 | L444: =IF(K444>1,"NO LOGUEO","LOGUEO") -> LOGUEO
A445: LIPU GDL | B445: LOERA GOMEZ FRANCISCO | C445: 0 | D445: 8.1499 | E445: 8.71 | F445: 8.01 | G445: 8.49 | H445: 7.6199 | I445: 7.78 | J445: 14111557 | K445: =COUNTIF(C445:I445,0) -> 1 | L445: =IF(K445>1,"NO LOGUEO","LOGUEO") -> LOGUEO
A446: LIPU GDL | B446: RAMOS ANGUIANO SERGIO DAVID | C446: 7.9 | D446: 8.12 | E446: 7.88 | F446: 7.7499 | G446: 7.47 | H446: 0 | I446: 8.1 | J446: 14102288 | K446: =COUNTIF(C446:I446,0) -> 1 | L446: =IF(K446>1,"NO LOGUEO","LOGUEO") -> LOGUEO
A447: LIPU GDL | B447: FREGOSO EVANGELISTA MOISES | C447: 4.8 | D447: 5.28 | E447: 0 | F447: 6.45 | G447: 5.94 | H447: 1.33 | I447: 5.73 | J447: 14123473 | K447: =COUNTIF(C447:I447,0) -> 1 | L447: =IF(K447>1,"NO LOGUEO","LOGUEO") -> LOGUEO
... A493: LIPU GDL | B493: MORALES FELICIANO JUAN PABLO | C493: 2.3 | D493: 7.89 | E493: 6.8099 | F493: 7.13 | G493: 2.07 | H493: 0 | I493: 0 | J493: 14119483 | K493: =COUNTIF(C493:I493,0) -> 2 | L493: =IF(K493>1,"NO LOGUEO","LOGUEO") -> NO LOGUEO
A494: LIPU GDL | B494: P.VALENCIA FIGUEROA JESUS ALBERTO | C494: 0 | D494: 1.3799 | E494: 3.0999 | F494: 1.77 | G494: 1.08 | H494: 1.28 | I494: 0 | K494: =COUNTIF(C494:I494,0) -> 2 | L494: =IF(K494>1,"NO LOGUEO","LOGUEO") -> NO LOGUEO
A495: LIPU GDL | B495: HERNANDEZ SANCHEZ DAVID SALOMON | C495: 0 | D495: 5.61 | E495: 9.51 | F495: 8.8699 | G495: 6.18 | H495: 0 | I495: 2.37 | J495: 14124020 | K495: =COUNTIF(C495:I495,0) -> 2 | L495: =IF(K495>1,"NO LOGUEO","LOGUEO") -> NO LOGUEO
A496: LIPU GDL | B496: ALFARO VELAZQUEZ MARCO ANTONIO | C496: 0 | D496: 9.5599 | E496: 8.1 | F496: 2.02 | G496: 11.16 | H496: 4.8599 | I496: 0 | J496: 14112635 | K496: =COUNTIF(C496:I496,0) -> 2 | L496: =IF(K496>1,"NO LOGUEO","LOGUEO") -> NO LOGUEO
A497: LIPU GDL | B497: ROMERO SANDOVAL CARLOS ANTONIO | C497: 0 | D497: 6.62 | E497: 6.92 | F497: 6.35 | G497: 6.3299 | H497: 6.26 | I497: 0 | J497: 14119839 | K497: =COUNTIF(C497:I497,0) -> 2 | L497: =IF(K497>1,"NO LOGUEO","LOGUEO") -> NO LOGUEO
A498: LIPU GDL | B498: CRUZ RAMOS OSCAR EFRAIN | C498: 0 | D498: 3.42 | E498: 10.1299 | F498: 10.59 | G498: 0 | H498: 11.13 | I498: 10.67 | J498: 14120270 | K498: =COUNTIF(C498:I498,0) -> 2 | L498: =IF(K498>1,"NO LOGUEO","LOGUEO") -> NO LOGUEO
A499: LIPU GDL | B499: BRISENO TOVAR ORLANDO FABIAN | C499: 0 | D499: 0 | E499: 5.3599 | F499: 9.35 | G499: 7.88 | H499: 8.5 | I499: 8.13 | J499: 14123488 | K499: =COUNTIF(C499:I499,0) -> 2 | L499: =IF(K499>1,"NO LOGUEO","LOGUEO") -> NO LOGUEO
A500: LIPU GDL | B500: GIL LOPEZ IGNACIO | C500: 0 | D500: 10.57 | E500: 9.32 | F500: 9.98 | G500: 4.9 | H500: 0 | I500: 5.93 | J500: 14123649 | K500: =COUNTIF(C500:I500,0) -> 2 | L500: =IF(K500>1,"NO LOGUEO","LOGUEO") -> NO LOGUEO
A501: LIPU GDL | B501: GONZALEZ SALAZAR JORGE ROBERTO | C501: 0.5 | D501: 0 | E501: 14.91 | F501: 0 | G501: 15.02 | H501: 0.53 | I501: 13.79 | J501: 14123657 | K501: =COUNTIF(C501:I501,0) -> 2 | L501: =IF(K501>1,"NO LOGUEO","LOGUEO") -> NO LOGUEO
A502: LIPU GDL | B502: SALDIVAR TOSTADO JOSE DE JESUS | C502: 4.79 | D502: 5.64 | E502: 4.83 | F502: 6.0599 | G502: 5 | H502: 0 | I502: 0 | J502: 14117158 | K502: =COUNTIF(C502:I502,0) -> 2 | L502: =IF(K502>1,"NO LOGUEO","LOGUEO") -> NO LOGUEO
A503: LIPU GDL | B503: TINOCO GUZMAN PEDRO ALBERTO | C503: 0 | D503: 0 | E503: 12.0599 | F503: 7.82 | G503: 4.12 | H503: 9.08 | I503: 4.8599 | J503: 14116860 | K503: =COUNTIF(C503:I503,0) -> 2 | L503: =IF(K503>1,"NO LOGUEO","LOGUEO") -> NO LOGUEO
A504: LIPU GDL | B504: MEDINA RIVAS JOSE ASCENCION | C504: 5.75 | D504: 6.3 | E504: 2.71 | F504: 0 | G504: 0 | H504: 5.5 | I504: 7.87 | J504: 14116433 | K504: =COUNTIF(C504:I504,0) -> 2 | L504: =IF(K504>1,"NO LOGUEO","LOGUEO") -> NO LOGUEO
A505: LIPU GDL | B505: DE LOS SANTOS VEGA SALVADOR | C505: 0 | D505: 7.76 | E505: 3.39 | F505: 6.89 | G505: 0 | H505: 6.53 | I505: 3.29 | J505: 14119357 | K505: =COUNTIF(C505:I505,0) -> 2 | L505: =IF(K505>1,"NO LOGUEO","LOGUEO") -> NO LOGUEO
A506: LIPU GDL | B506: CONTRERAS CRUZ LUCINO | C506: 0 | D506: 8.96 | E506: 6.64 | F506: 8.52 | G506: 8.27 | H506: 7.75 | I506: 0 | J506: 14121152 | K506: =COUNTIF(C506:I506,0) -> 2 | L506: =IF(K506>1,"NO LOGUEO","LOGUEO") -> NO LOGUEO
... A532: LIPU GDL | B532: P.COVARRUBIAS SILVA MIGUEL ANGEL | C532: 0 | D532: 0.7 | E532: 1.91 | F532: 0.92 | G532: 0 | H532: 2.0299 | I532: 0 | J532: 14124104 | K532: =COUNTIF(C532:I532,0) -> 3 | L532: =IF(K532>1,"NO LOGUEO","LOGUEO") -> NO LOGUEO
A533: LIPU GDL | B533: P.PADILLA ARENAS JUAN CARLOS | C533: 0 | D533: 1.02 | E533: 1.43 | F533: 0 | G533: 1.03 | H533: 2.0299 | I533: 0 | K533: =COUNTIF(C533:I533,0) -> 3 | L533: =IF(K533>1,"NO LOGUEO","LOGUEO") -> NO LOGUEO
A534: LIPU GDL | B534: RODRIGUEZ BECERRA J JESUS | C534: 0 | D534: 0 | E534: 0 | F534: 11.5 | G534: 7.68 | H534: 8.6 | I534: 8.51 | J534: 14118518 | K534: =COUNTIF(C534:I534,0) -> 3 | L534: =IF(K534>1,"NO LOGUEO","LOGUEO") -> NO LOGUEO
A535: LIPU GDL | B535: VELAZQUEZ ENCISO JORGE ARMANDO | C535: 0 | D535: 0 | E535: 6.96 | F535: 10.57 | G535: 9.21 | H535: 3.34 | I535: 0 | J535: 14123081 | K535: =COUNTIF(C535:I535,0) -> 3 | L535: =IF(K535>1,"NO LOGUEO","LOGUEO") -> NO LOGUEO
A536: LIPU GDL | B536: DIAZ MORAN SERGIO ALEJANDRO | C536: 0 | D536: 0 | E536: 0 | F536: 3.82 | G536: 5.3199 | H536: 6.05 | I536: 6.4 | J536: 14120413 | K536: =COUNTIF(C536:I536,0) -> 3 | L536: =IF(K536>1,"NO LOGUEO","LOGUEO") -> NO LOGUEO
A537: LIPU GDL | B537: P.SALCEDO FLORES GABRIEL | C537: 0 | D537: 1 | E537: 1.73 | F537: 1.57 | G537: 1.15 | H537: 0 | I537: 0 | K537: =COUNTIF(C537:I537,0) -> 3 | L537: =IF(K537>1,"NO LOGUEO","LOGUEO") -> NO LOGUEO
A538: LIPU GDL | B538: P.JIMENEZ RUVALCABA ALEJANDRO | C538: 0 | D538: 1.27 | E538: 3.25 | F538: 2.18 | G538: 0.97 | H538: 0 | I538: 0 | J538: 14124091 | K538: =COUNTIF(C538:I538,0) -> 3 | L538: =IF(K538>1,"NO LOGUEO","LOGUEO") -> NO LOGUEO
A539: LIPU GDL | B539: CASILLAS GONZALEZ LINA SELENE | C539: 7.7 | D539: 8.19 | E539: 0 | F539: 0 | G539: 9.76 | H539: 3.42 | I539: 0 | J539: 14115830 | K539: =COUNTIF(C539:I539,0) -> 3 | L539: =IF(K539>1,"NO LOGUEO","LOGUEO") -> NO LOGUEO
A540: LIPU GDL | B540: P.CERVANTES CORTES JUAN CARLOS | C540: 0 | D540: 2.57 | E540: 4.3099 | F540: 0 | G540: 0 | H540: 1.95 | I540: 2.28 | J540: 14124028 | K540: =COUNTIF(C540:I540,0) -> 3 | L540: =IF(K540>1,"NO LOGUEO","LOGUEO") -> NO LOGUEO
A541: LIPU GDL | B541: P.ALATORRE GONZALEZ ALEJANDRO | C541: 0 | D541: 2.85 | E541: 3.07 | F541: 2.08 | G541: 0.97 | H541: 0 | I541: 0 | J541: 14124090 | K541: =COUNTIF(C541:I541,0) -> 3 | L541: =IF(K541>1,"NO LOGUEO","LOGUEO") -> NO LOGUEO
A542: LIPU GDL | B542: GARCIA PEREZ ALFONSO | C542: 0 | D542: 0 | E542: 0 | F542: 3.76 | G542: 5.65 | H542: 4.83 | I542: 5.5199 | J542: 14107217 | K542: =COUNTIF(C542:I542,0) -> 3 | L542: =IF(K542>1,"NO LOGUEO","LOGUEO") -> NO LOGUEO
A543: LIPU GDL | B543: PARRA COBIAN OSCAR | C543: 0 | D543: 0 | E543: 4.99 | F543: 3.18 | G543: 3.9 | H543: 0 | I543: 5.0299 | J543: 14108775 | K543: =COUNTIF(C543:I543,0) -> 3 | L543: =IF(K543>1,"NO LOGUEO","LOGUEO") -> NO LOGUEO
A544: LIPU GDL | B544: GONZALEZ REYES FIDEL | C544: 0 | D544: 2.99 | E544: 3.75 | F544: 3.51 | G544: 0.47 | H544: 0 | I544: 0 | J544: 14101142 | K544: =COUNTIF(C544:I544,0) -> 3 | L544: =IF(K544>1,"NO LOGUEO","LOGUEO") -> NO LOGUEO
A545: LIPU GDL | B545: P.GUTIERREZ GONZALEZ MGUEL ALEJANDRO | C545: 0 | D545: 1.85 | E545: 1.98 | F545: 0.95 | G545: 0.88 | H545: 0 | I545: 0 | K545: =COUNTIF(C545:I545,0) -> 3 | L545: =IF(K545>1,"NO LOGUEO","LOGUEO") -> NO LOGUEO
A546: LIPU GDL | B546: NAJAR LOPEZ JOSE SERGIO | C546: 0 | D546: 0 | E546: 0 | F546: 7.67 | G546: 7.92 | H546: 7.97 | I546: 7.66 | J546: 14100725 | K546: =COUNTIF(C546:I546,0) -> 3 | L546: =IF(K546>1,"NO LOGUEO","LOGUEO") -> NO LOGUEO
A547: LIPU GDL | B547: ORTIZ VAZQUEZ JESUS | C547: 0 | D547: 0 | E547: 1.9 | F547: 0 | G547: 4.67 | H547: 2.38 | I547: 1.08 | J547: 14123008 | K547: =COUNTIF(C547:I547,0) -> 3 | L547: =IF(K547>1,"NO LOGUEO","LOGUEO") -> NO LOGUEO
A548: LIPU GDL | B548: CONTRERAS DAVILA DANIEL | C548: 0 | D548: 9.65 | E548: 8.26 | F548: 0 | G548: 0 | H548: 8.2 | I548: 8.44 | J548: 14107840 | K548: =COUNTIF(C548:I548,0) -> 3 | L548: =IF(K548>1,"NO LOGUEO","LOGUEO") -> NO LOGUEO
A549: LIPU GDL | B549: P.MEZA RAMIREZ FEDERICO | C549: 0 | D549: 0 | E549: 1.37 | F549: 1.44 | G549: 1.42 | H549: 0 | I549: 0 | K549: =COUNTIF(C549:I549,0) -> 4 | L549: =IF(K549>1,"NO LOGUEO","LOGUEO") -> NO LOGUEO
A550: LIPU GDL | B550: MAGDALENO RAMIREZ EDGAR ANTONI | C550: 10.01 | D550: 0 | E550: 7.04 | F550: 0 | G550: 4.79 | H550: 0 | I550: 0 | J550: 14121860 | K550: =COUNTIF(C550:I550,0) -> 4 | L550: =IF(K550>1,"NO LOGUEO","LOGUEO") -> NO LOGUEO
A551: LIPU GDL | B551: P.CORTEZ FLORES FERNANDO SAMUEL | C551: 1.83 | D551: 7.76 | E551: 0 | F551: 0 | G551: 10.8099 | H551: 0 | I551: 0 | K551: =COUNTIF(C551:I551,0) -> 4 | L551: =IF(K551>1,"NO LOGUEO","LOGUEO") -> NO LOGUEO
A552: LIPU GDL | B552: P.GOMEZ SANDOVAL JUAN RAMON | C552: 0 | D552: 0 | E552: 0.47 | F552: 1.07 | G552: 0.95 | H552: 0 | I552: 0 | J552: 14124062 | K552: =COUNTIF(C552:I552,0) -> 4 | L552: =IF(K552>1,"NO LOGUEO","LOGUEO") -> NO LOGUEO
A553: LIPU GDL | B553: ROSALES AVILA MAXIMILIANO | C553: 0 | D553: 0 | E553: 0 | F553: 2.54 | G553: 0 | H553: 1.07 | I553: 0.8 | J553: 14122706 | K553: =COUNTIF(C553:I553,0) -> 4 | L553: =IF(K553>1,"NO LOGUEO","LOGUEO") -> NO LOGUEO
A554: LIPU GDL | B554: CIFUENTES SIERRA JORGE ALEXANDER | C554: 0 | D554: 0 | E554: 1.28 | F554: 0 | G554: 0 | H554: 1.15 | I554: 0.9 | J554: 14123128 | K554: =COUNTIF(C554:I554,0) -> 4 | L554: =IF(K554>1,"NO LOGUEO","LOGUEO") -> NO LOGUEO
A555: LIPU GDL | B555: MARTINEZ BERNAL CESAR FERNANDO | C555: 0 | D555: 0 | E555: 0 | F555: 0 | G555: 3.94 | H555: 6.76 | I555: 6.36 | J555: 14117905 | K555: =COUNTIF(C555:I555,0) -> 4 | L555: =IF(K555>1,"NO LOGUEO","LOGUEO") -> NO LOGUEO
A556: LIPU GDL | B556: P.AVILA PEREZ JUAN BERNARDO | C556: 0 | D556: 0 | E556: 3.6 | F556: 0.55 | G556: 1.4 | H556: 0 | I556: 0 | K556: =COUNTIF(C556:I556,0) -> 4 | L556: =IF(K556>1,"NO LOGUEO","LOGUEO") -> NO LOGUEO
A557: LIPU GDL | B557: VARGAS ORTEGA CRISTIAN MARTIN | C557: 8.26 | D557: 10.06 | E557: 3.93 | F557: 0 | G557: 0 | H557: 0 | I557: 0 | J557: 14123084 | K557: =COUNTIF(C557:I557,0) -> 4 | L557: =IF(K557>1,"NO LOGUEO","LOGUEO") -> NO LOGUEO
A558: LIPU GDL | B558: GARCIA MONTOY DANIEL ESTEVANNE | C558: 0 | D558: 0 | E558: 5.0599 | F558: 6.86 | G558: 2.07 | H558: 0 | I558: 0 | J558: 14123754 | K558: =COUNTIF(C558:I558,0) -> 4 | L558: =IF(K558>1,"NO LOGUEO","LOGUEO") -> NO LOGUEO
A559: LIPU GDL | B559: MAGANA CONTRERAS JOSE LUIS | C559: 0 | D559: 1.27 | E559: 0 | F559: 0 | G559: 0 | H559: 4.85 | I559: 8.1399 | J559: 14107293 | K559: =COUNTIF(C559:I559,0) -> 4 | L559: =IF(K559>1,"NO LOGUEO","LOGUEO") -> NO LOGUEO
A560: LIPU GDL | B560: ANDALON ALVAREZ JOSE EUGENIO | C560: 6.21 | D560: 0 | E560: 0 | F560: 8.4099 | G560: 6.42 | H560: 0 | I560: 0 | J560: 14115244 | K560: =COUNTIF(C560:I560,0) -> 4 | L560: =IF(K560>1,"NO LOGUEO","LOGUEO") -> NO LOGUEO
A561: LIPU GDL | B561: VILLANUEVA LOPEZ SANTIAGO | C561: 0 | D561: 0 | E561: 0 | F561: 0 | G561: 4.5299 | H561: 2.98 | I561: 4.21 | J561: 14109808 | K561: =COUNTIF(C561:I561,0) -> 4 | L561: =IF(K561>1,"NO LOGUEO","LOGUEO") -> NO LOGUEO
A562: LIPU GDL | B562: PETREARCE SILVA SERGIO | C562: 5.49 | D562: 0 | E562: 0 | F562: 0 | G562: 0 | H562: 4.37 | I562: 8.9599 | J562: 14113837 | K562: =COUNTIF(C562:I562,0) -> 4 | L562: =IF(K562>1,"NO LOGUEO","LOGUEO") -> NO LOGUEO
A563: LIPU GDL | B563: M.Mantenimiento | C563: 0 | D563: 0 | E563: 3.07 | F563: 1.98 | G563: 0 | H563: 0 | I563: 3.58 | J563: 14219362 | K563: =COUNTIF(C563:I563,0) -> 4 | L563: =IF(K563>1,"NO LOGUEO","LOGUEO") -> NO LOGUEO
A564: LIPU GDL | B564: MORALES LARIOS LUIS ELIZARDO | C564: 7.5399 | D564: 0 | E564: 0 | F564: 0 | G564: 3.2 | H564: 0 | I564: 2.17 | J564: 14123599 | K564: =COUNTIF(C564:I564,0) -> 4 | L564: =IF(K564>1,"NO LOGUEO","LOGUEO") -> NO LOGUEO
A565: LIPU GDL | B565: P.DEGOLLADO RODRIGUEZ EMMANUEL IVAN | C565: 0 | D565: 0 | E565: 0 | F565: 0.43 | G565: 1.27 | H565: 1.6 | I565: 0 | K565: =COUNTIF(C565:I565,0) -> 4 | L565: =IF(K565>1,"NO LOGUEO","LOGUEO") -> NO LOGUEO
A566: LIPU GDL | B566: C.FARIAS ALVAREZ SIMON JAVIER | C566: 0 | D566: 0 | E566: 0 | F566: 0 | G566: 1.92 | H566: 1.8 | I566: 1.18 | J566: 14102420 | K566: =COUNTIF(C566:I566,0) -> 4 | L566: =IF(K566>1,"NO LOGUEO","LOGUEO") -> NO LOGUEO
A567: LIPU GDL | B567: A.GODINEZ GARCIA MARIO RICARDO | C567: 0 | D567: 0.43 | E567: 0.35 | F567: 0 | G567: 0 | H567: 0 | I567: 0 | J567: 14109772 | K567: =COUNTIF(C567:I567,0) -> 5 | L567: =IF(K567>1,"NO LOGUEO","LOGUEO") -> NO LOGUEO
A568: LIPU GDL | B568: REGALADO MARTINEZ JOSE LUIS | C568: 0 | D568: 12.05 | E568: 0 | F568: 0 | G568: 0 | H568: 0 | I568: 6.72 | J568: 14123843 | K568: =COUNTIF(C568:I568,0) -> 5 | L568: =IF(K568>1,"NO LOGUEO","LOGUEO") -> NO LOGUEO
A569: LIPU GDL | B569: P.MARQUEZ ARCE MARTIN LEOBARDO | C569: 0 | D569: 0 | E569: 0 | F569: 1.9 | G569: 0 | H569: 1.42 | I569: 0 | K569: =COUNTIF(C569:I569,0) -> 5 | L569: =IF(K569>1,"NO LOGUEO","LOGUEO") -> NO LOGUEO
A570: LIPU GDL | B570: MUNOZ RIVAS EMMA | C570: 0 | D570: 0 | E570: 0 | F570: 0 | G570: 0 | H570: 5.1499 | I570: 6.04 | J570: 14118743 | K570: =COUNTIF(C570:I570,0) -> 5 | L570: =IF(K570>1,"NO LOGUEO","LOGUEO") -> NO LOGUEO
A571: LIPU GDL | B571: VILLEGAS HUIZAR RAMIRO | C571: 0 | D571: 0 | E571: 0 | F571: 0 | G571: 2.3 | H571: 5.39 | I571: 0 | J571: 14122708 | K571: =COUNTIF(C571:I571,0) -> 5 | L571: =IF(K571>1,"NO LOGUEO","LOGUEO") -> NO LOGUEO
A572: LIPU GDL | B572: RAMIREZ CASTELLANOS JORGE ARMANDO | C572: 7.05 | D572: 8.64 | E572: 0 | F572: 0 | G572: 0 | H572: 0 | I572: 0 | J572: 14122873 | K572: =COUNTIF(C572:I572,0) -> 5 | L572: =IF(K572>1,"NO LOGUEO","LOGUEO") -> NO LOGUEO
A573: LIPU GDL | B573: P.PEREZ VENEGAS JAIME | C573: 0 | D573: 2.7799 | E573: 1.18 | F573: 0 | G573: 0 | H573: 0 | I573: 0 | K573: =COUNTIF(C573:I573,0) -> 5 | L573: =IF(K573>1,"NO LOGUEO","LOGUEO") -> NO LOGUEO
A574: LIPU GDL | B574: CUEVA CHAVEZ EARVIN MICHAEL | C574: 0 | D574: 0 | E574: 0 | F574: 0 | G574: 0 | H574: 6.35 | I574: 6.67 | J574: 14118640 | K574: =COUNTIF(C574:I574,0) -> 5 | L574: =IF(K574>1,"NO LOGUEO","LOGUEO") -> NO LOGUEO
A575: LIPU GDL | B575: P.MATA ALANIZ CRISTOMO ALONSO | C575: 0 | D575: 0 | E575: 0 | F575: 0 | G575: 0 | H575: 2.85 | I575: 2.08 | K575: =COUNTIF(C575:I575,0) -> 5 | L575: =IF(K575>1,"NO LOGUEO","LOGUEO") -> NO LOGUEO
A576: LIPU GDL | B576: P.VAZQUEZ MACIAS RAFAEL | C576: 0 | D576: 0 | E576: 0 | F576: 0.47 | G576: 0 | H576: 1.8 | I576: 0 | J576: 14124061 | K576: =COUNTIF(C576:I576,0) -> 5 | L576: =IF(K576>1,"NO LOGUEO","LOGUEO") -> NO LOGUEO
...

Sheet ACUMULADO
A1: agrupador | B1: concepto | C1: clave | D1: nombre_completo | E1: periodo | F1: importe
A2: PRESTACIONES | B2: AYUDA ESCOLAR | C2: 14111261 | D2: CASTILLO GRADILLA OSCAR EMILIO | E2: S34 | F2: 2350
A3: PRESTACIONES | B3: AYUDA ESCOLAR | C3: 14111336 | D3: MARTINEZ RODRIGUEZ ELIAS | E3: S34 | F3: 2350
A4: PRESTACIONES | B4: AYUDA ESCOLAR | C4: 14223379 | D4: CAMACHO MARTINEZ OSCAR RAMON | E4: S34 | F4: 2350
A5: PRESTACIONES | B5: AYUDA ESCOLAR | C5: 14223826 | D5: HONORATO PLASCENCIA EDGAR ANTONIO | E5: S34 | F5: 2350
A6: PRESTACIONES | B6: AYUDA ESCOLAR | C6: 14100716 | D6: AMBRIZ MERCADO MARTIN | E6: S34 | F6: 2350
A7: PRESTACIONES | B7: AYUDA ESCOLAR | C7: 14100726 | D7: GUZMAN MUNGUIA LUIS JAVIER | E7: S34 | F7: 2350
A8: PRESTACIONES | B8: AYUDA ESCOLAR | C8: 14100731 | D8: TABARES FLORES OSCAR ALEJANDRO | E8: S34 | F8: 2350
A9: PRESTACIONES | B9: AYUDA ESCOLAR | C9: 14100740 | D9: OLIVARES HERNANDEZ GABRIEL | E9: S34 | F9: 2350
A10: PRESTACIONES | B10: AYUDA ESCOLAR | C10: 14102081 | D10: OLEA SANCHEZ JOSE LUIS | E10: S34 | F10: 2350
A11: PRESTACIONES | B11: AYUDA ESCOLAR | C11: 14103936 | D11: GUTIERREZ GALINDO CARLOS DE JESUS | E11: S34 | F11: 2350
A12: PRESTACIONES | B12: AYUDA ESCOLAR | C12: 14104315 | D12: SERRANO MACHUCA MARTIN DE JESUS | E12: S34 | F12: 2350
A13: PRESTACIONES | B13: AYUDA ESCOLAR | C13: 14104316 | D13: COBIAN AYALA EDGAR | E13: S34 | F13: 2350
... A3795: PRESTACIONES | B3795: VIAJES ADICIONALES | C3795: 16122298 | D3795: VALENCIA HERNANDEZ ARMANDO | E3795: S34 | F3795: 525

Sheet NOMINA
A4: clave. | B4: nombre completo. | C4: afiliacion al i.m.s.s.
A5: 14100713 | B5: OLVERA BARAJAS ISMAEL | C5: 04887081141
A6: 14100714 | B6: RAMIREZ RODRIGUEZ JESUS | C6: 04826628101
A7: 14100716 | B7: AMBRIZ MERCADO MARTIN | C7: 04876544273
A8: 14100718 | B8: MARTINEZ OCHOA PAULO | C8: 75947416485
A9: 14100721 | B9: GUTIERREZ VELEZ FRANCISCO | C9: 54856770802
A10: 14100724 | B10: ORTIZ GARCIA LUIS ALBERTO | C10: 04038364792
A11: 14100725 | B11: NAJAR LOPEZ JOSE SERGIO | C11: 21856620527
A12: 14100726 | B12: GUZMAN MUNGUIA LUIS JAVIER | C12: 04917302921
A13: 14100727 | B13: ALONZO PEREZ JOSE REYES | C13: 04856736626
A14: 14100729 | B14: LARIOS ALCARAZ EDUARDO | C14: 54816597899
A15: 14100731 | B15: TABARES FLORES OSCAR ALEJANDRO | C15: 56937408260
A16: 14100732 | B16: ROBLES DEADEL LAZARO | C16: 04015903042
... A619: 14123629 | B619: GONZALEZ ROMERO NESTOR IVAN | C619: 49159446050

Sheet RENDIMIENTO
A2: CLAVE | B2: NOMBRE | C2: F.INGRESO | D2: UNIDAD | E2: META | F2: REDIMIENTO OBTENIDO | G2: TOTAL A PAGAR | H2: SEMANA DE RETROACTIVO
A3: 14100714 | B3: RAMIREZ RODRIGUEZ JESUS | C3: 2019-01-11 | D3: LIPU | E3: 3.5126734 | F3: 3.5967005 | G3: 355.58
A4: 14100718 | B4: MARTINEZ OCHOA PAULO | C4: 2017-05-01 | D4: LIPU | E4: 11.418646 | F4: 11.379 | G4: 0
A5: 14100721 | B5: GUTIERREZ VELEZ FRANCISCO | C5: 2021-07-08 | D5: LIPU | E5: 4.3532522 | F5: 3.9910251 | G5: 0
A6: 14100724 | B6: ORTIZ GARCIA LUIS ALBERTO | C6: 2017-05-01 | D6: LIPU | E6: 4.5080442 | F6: 5.3252909 | G6: 355.58
A7: 14100725 | B7: NAJAR LOPEZ JOSE SERGIO | C7: 2017-05-01 | D7: LIPU | E7: 4.436782 | F7: 4.749576 | G7: 355.58
A8: 14100726 | B8: GUZMAN MUNGUIA LUIS JAVIER | C8: 2017-05-01 | D8: LIPU | E8: 3.96182 | F8: 4.7084276 | G8: 355.58
A9: 14100727 | B9: ALONZO PEREZ JOSE REYES | C9: 2017-05-01 | D9: LIPU | E9: 4.9834409 | F9: 6.7414353 | G9: 355.58
A10: 14100729 | B10: LARIOS ALCARAZ EDUARDO | C10: 2017-05-01 | D10: LIPU | E10: Descansero | F10: Descansero | G10: 355.58
A11: 14100731 | B11: TABARES FLORES OSCAR ALEJANDRO | C11: 2022-09-02 | D11: LIPU | E11: 4.4326521 | F11: 4.9581321 | G11: 355.58
A12: 14100732 | B12: ROBLES DEADEL LAZARO | C12: 2017-05-01 | D12: LIPU | E12: 3.7835575 | F12: 5.1784205 | G12: 355.58
A13: 14100733 | B13: LINARES CISNEROS JOSE ANTONIO | C13: 2017-05-01 | D13: LIPU | E13: Descansero | F13: Descansero | G13: 355.58
A14: 14100740 | B14: OLIVARES HERNANDEZ GABRIEL | C14: 2021-11-17 | D14: LIPU | E14: 4.4923786 | F14: 5.4948638 | G14: 355.58
A15: 14100751 | B15: FLORES GARCIA PEDRO | C15: 2025-10-10 | D15: LIPU | E15: 3.96 | F15: 4.07 | G15: 355.58
A16: 14100777 | B16: GONZALEZ MANZO JAVIER OSWALDO | C16: 2017-05-01 | D16: LIPU | E16: Descansero | F16: Descansero | G16: 355.58
A17: 14100787 | B17: YEPEZ VAZQUEZ JOAN | C17: 2017-05-01 | D17: LIPU | E17: 3.7922536 | F17: 5.1406174 | G17: 355.58
A18: 14100795 | B18: BALTAZAR MENDOZA HORACIO | C18: 2017-05-01 | D18: LIPU | E18: 4.662251 | F18: 4.018721 | G18: 0
A19: 14100798 | B19: CARRILLO REYNOSO JESUS ALEJANDRO | C19: 2017-05-01 | D19: LIPU | E19: 4.0644462 | F19: 5.0306612 | G19: 355.58
A20: 14100807 | B20: OSORIO HERNANDEZ DOMINGO | C20: 2023-05-12 | D20: LIPU | E20: 4.7317431 | F20: 6.2797497 | G20: 355.58
A21: 14100823 | B21: FLORES ENRIQUEZ JUAN PABLO | C21: 2024-08-05 | D21: LIPU | E21: Descansero | F21: Descansero | G21: 355.58
A22: 14100842 | B22: BECERRA LUNA GUILLERMO | C22: 2017-05-01 | D22: LIPU | E22: Descansero | F22: Descansero | G22: 355.58
A23: 14100843 | B23: LOPEZ RAYMUNDO ROBERTO | C23: 2025-03-07 | D23: LIPU | E23: 3.5970917 | F23: 4.1459307 | G23: 355.58
A24: 14100858 | B24: REYNAGA SANCHEZ MARIO | C24: 2025-06-06 | D24: LIPU | E24: 3.7292467 | F24: 4.774209 | G24: 355.58
A25: 14100863 | B25: MARTINEZ ZAVALA FRANCISCO ESPIRIDION | C25: 2017-05-01 | D25: LIPU | E25: 4.23 | F25: 4.24 | G25: 355.58
A26: 14100897 | B26: CRUZ GUTIERREZ ALFREDO | C26: 2025-05-09 | D26: LIPU | E26: 4.0121683 | F26: 3.6816731 | G26: 0
A27: 14100902 | B27: SANCHEZ PONCE JOSE ALBERTO | C27: 2025-12-31 | D27: LIPU | E27: 4.0414963 | F27: 5.200803 | G27: 355.58
A28: 14101881 | B28: MORALES AGUILAR ALBERTO | C28: 2017-05-24 | D28: LIPU | E28: 3.9 | F28: 4.898404 | G28: 355.58
A29: 14101984 | B29: TABARES VAZQUEZ MARTIN | C29: 2018-11-29 | D29: LIPU | E29: 4.1883124 | F29: 5.032933 | G29: 355.58
A30: 14102081 | B30: OLEA SANCHEZ JOSE LUIS | C30: 2017-07-07 | D30: LIPU | E30: 7.0119567 | F30: 7.0810594 | G30: 355.58
A31: 14102288 | B31: RAMOS ANGUIANO SERGIO DAVID | C31: 2017-08-15 | D31: LIPU | E31: Descansero | F31: Descansero | G31: 355.58
A32: 14102701 | B32: ORTIZ HERNANDEZ JESUS GUADALUPE | C32: 2017-11-06 | D32: LIPU | E32: Descansero | F32: Descansero | G32: 355.58
A33: 14102730 | B33: ESTRADA ALVAREZ FERNANDO | C33: 2017-11-13 | D33: LIPU | E33: 3.98 | F33: 4.18 | G33: 355.58
A34: 14102875 | B34: LARIOS SANCHEZ HECTOR ALEXANDER | C34: 2017-12-20 | D34: LIPU | E34: 2.8043955 | F34: 3.9897073 | G34: 355.58
A35: 14102890 | B35: GONZALEZ VALENCIA BARTOLO | C35: 2017-12-21 | D35: LIPU | E35: 4.5700688 | F35: 5.5428299 | G35: 355.58
A36: 14103061 | B36: SANCHEZ PEREZ CARLOS FORTINO | C36: 2023-06-01 | D36: LIPU | E36: 3.6322725 | F36: 4.3610519 | G36: 355.58
A37: 14103106 | B37: CORTES ARMENTA HERNAN | C37: 2018-02-02 | D37: LIPU | E37: 4.0644255 | F37: 5.164819 | G37: 355.58
A38: 14103183 | B38: HERNANDEZ RON BLANCA HERLINDA | C38: 2018-02-27 | D38: LIPU | E38: 3.7173108 | F38: 4.233 | G38: 355.58
A39: 14103335 | B39: RIVERA MARTINEZ GUSTAVO | C39: 2018-04-09 | D39: LIPU | E39: 3.6673041 | F39: 4.3362235 | G39: 355.58
A40: 14103470 | B40: DEL TORO MARTINEZ HECTOR JOSE | C40: 2026-06-13 | D40: LIPU | E40: 4.4612301 | F40: 4.8965182 | G40: 355.58
A41: 14103679 | B41: BAUTISTA SOLORIO JAIME | C41: 2018-06-29 | D41: LIPU | E41: 10.744593 | F41: 13.602047 | G41: 355.58
A42: 14103936 | B42: GUTIERREZ GALINDO CARLOS DE JESUS | C42: 2025-08-23 | D42: LIPU | E42: 3.8079331 | F42: 4.248516 | G42: 355.58
A43: 14103952 | B43: HERNANDEZ ORTEGA RAUL | C43: 2018-08-23 | D43: LIPU | E43: 5.3293255 | F43: 6.2001872 | G43: 355.58
A44: 14104315 | B44: SERRANO MACHUCA MARTIN DE JESUS | C44: 2025-10-31 | D44: LIPU | E44: 3.8690531 | F44: 5.1233679 | G44: 355.58
A45: 14104316 | B45: COBIAN AYALA EDGAR | C45: 2022-11-16 | D45: LIPU | E45: 3.613414 | F45: 4.079952 | G45: 355.58
A46: 14104599 | B46: TORRES GUARDADO JOSE LUIS | C46: 2023-03-09 | D46: LIPU | E46: Descansero | F46: Descansero | G46: 355.58
A47: 14104822 | B47: HERNANDEZ CRUZ ERNESTO | C47: 2019-03-06 | D47: LIPU | E47: 3.5864635 | F47: 4.0163867 | G47: 355.58
A48: 14104839 | B48: CASTRO GUIZAR DANIEL HUMBERTO | C48: 2025-03-14 | D48: LIPU | E48: 3.4191053 | F48: 4.2266015 | G48: 355.58
A49: 14104853 | B49: CAUDILLO CORONADO MARTIN | C49: 2024-11-12 | D49: LIPU | E49: 9.5058736 | F49: 9.158621 | G49: 0
A50: 14104932 | B50: MARROQUIN ACEVES MARCOS GUILLERMO | C50: 2019-04-01 | D50: LIPU | E50: 4.9189447 | F50: 5.1132183 | G50: 355.58
A51: 14104957 | B51: RODRIGUEZ ORTIZ JOSE MANUEL | C51: 2025-09-13 | D51: LIPU | E51: Descansero | F51: Descansero | G51: 355.58
A52: 14104971 | B52: GAYTAN HERNANDEZ PEDRO | C52: 2019-04-15 | D52: LIPU | E52: Descansero | F52: Descansero | G52: 355.58
A53: 14105437 | B53: VAZQUEZ SALAS GILBERTO | C53: 2023-04-01 | D53: LIPU | E53: 4.1343215 | F53: 4.881958 | G53: 355.58
A54: 14105531 | B54: RANGEL RAMIREZ RODOLFO IVAN | C54: 2023-03-24 | D54: LIPU | E54: 10.54 | F54: 10.909102 | G54: 355.58
A55: 14105586 | B55: RAMIREZ FLORES JOSE DE JESUS | C55: 2019-09-06 | D55: LIPU | E55: 4.0616272 | F55: 4.7715985 | G55: 355.58
A56: 14105645 | B56: DIAZ RAMOS ISMAEL | C56: 2024-06-12 | D56: LIPU | E56: 3.43 | F56: 3.77 | G56: 355.58
A57: 14106033 | B57: HERNANDEZ PEREZ FRANCISCO JAVIER | C57: 2020-01-22 | D57: LIPU | E57: 4.2936834 | F57: 5.4357514 | G57: 355.58
A58: 14106066 | B58: PLASCENCIA ESQUIVEL FRANCISCO | C58: 2020-01-30 | D58: LIPU | E58: 8.0738597 | F58: 9.4704689 | G58: 355.58
A59: 14106233 | B59: ACEVEDO MARTINEZ JORGE | C59: 2025-11-22 | D59: LIPU | E59: 3.8100081 | F59: 4.449905 | G59: 355.58
A60: 14106368 | B60: SANTANA ARAIZA SANTIAGO | C60: 2020-04-07 | D60: LIPU | E60: 4.8095742 | F60: 5.6617929 | G60: 355.58
A61: 14106438 | B61: GAYTAN PINEDO CARLOS ENRIQUE | C61: 2020-05-19 | D61: LIPU | E61: 3.5516893 | F61: 4.0207298 | G61: 355.58
A62: 14106778 | B62: CABALLERO ANGUIANO SERGIO | C62: 2020-07-24 | D62: LIPU | E62: 4.0577554 | F62: 3.6437733 | G62: 0
A63: 14106949 | B63: SOTELO AVIÑA MICHEL ALEJANDRO | C63: 2020-09-21 | D63: LIPU | E63: 9.2205582 | F63: 10.698782 | G63: 355.58
A64: 14106980 | B64: LOPEZ GODOY ENRIQUE | C64: 2020-09-28 | D64: LIPU | E64: 3.6795202 | F64: 4.044431 | G64: 355.58
... A67: 14107202 | B67: ANGUIANO OCAMPO JOSE GUADALUPE | C67: 2023-03-17 | D67: LIPU | E67: 4.1879117 | F67: 5.0926202 | G67: 355.58
A68: 14107206 | B68: HERNANDEZ CHAVEZ FERNANDO | C68: 2020-12-07 | D68: LIPU | E68: Descansero | F68: Descansero | G68: 355.58
A69: 14107217 | B69: GARCIA PEREZ ALFONSO | C69: 2020-12-08 | D69: LIPU | E69: 3.487669 | F69: 4.0041428 | G69: 355.58
A70: 14107271 | B70: PEREZ CASTILLO GABRIEL | C70: 2020-12-23 | D70: LIPU | E70: Descansero | F70: Descansero | G70: 355.58
A71: 14107293 | B71: MAGAÑA CONTRERAS JOSE LUIS | C71: 2025-01-16 | D71: LIPU | E71: Descansero | F71: Descansero | G71: 355.58
A72: 14107393 | B72: GUERRERO CORTES SERGIO RICARDO | C72: 2021-01-28 | D72: LIPU | E72: Retroactivo | F72: Retroactivo | G72: 711.16
A73: 14107484 | B73: LOPEZ VELASCO MARIO | C73: 2021-02-18 | D73: LIPU | E73: 4.8481517 | F73: 5.3562778 | G73: 355.58
A74: 14107552 | B74: PACHECO SALCEDO FERNANDO | C74: 2021-03-04 | D74: LIPU | E74: 4.4563436 | F74: 5.7138949 | G74: 355.58
A75: 14107735 | B75: ZEPEDA GUERRERO JUAN CARLOS | C75: 2021-04-16 | D75: LIPU | E75: 3.78 | F75: 3.76 | G75: 0
A76: 14107754 | B76: GARCIA DE LA TORRE LEONARDO | C76: 2021-04-22 | D76: LIPU | E76: 4.8052375 | F76: 5.5456788 | G76: 355.58
A77: 14107840 | B77: CONTRERAS DAVILA DANIEL | C77: 2021-05-12 | D77: LIPU | E77: 11.204975 | F77: 12.878319 | G77: 355.58
A78: 14107967 | B78: VAZQUEZ FLORES FABIAN | C78: 2021-06-10 | D78: LIPU | E78: 3.7125854 | F78: 4.5335784 | G78: 355.58
A79: 14107978 | B79: LIRA LOPEZ LUIS ANGEL | C79: 2021-06-11 | D79: LIPU | E79: Descansero | F79: Descansero | G79: 355.58
A80: 14108111 | B80: LUNA SANDOVAL DAVID | C80: 2021-07-02 | D80: LIPU | E80: 4.5563783 | F80: 5.6741746 | G80: 355.58
A81: 14108150 | B81: IBARRA PEREZ MARTIN | C81: 2021-07-09 | D81: LIPU | E81: 4.7216407 | F81: 5.1535842 | G81: 355.58
A82: 14108222 | B82: TELLES PADILLA JOSE MANUEL | C82: 2021-07-21 | D82: LIPU | E82: 3.3264274 | F82: 4.1529181 | G82: 355.58
A83: 14108267 | B83: MUÑOZ SANTACRUZ JUAN PABLO | C83: 2021-07-28 | D83: LIPU | E83: 7.7937372 | F83: 7.6856358 | G83: 0
A84: 14108271 | B84: DE LA ROSA OCEGUEDA JUAN GUADALUPE | C84: 2021-07-28 | D84: LIPU | E84: 4.5407818 | F84: 4.9724057 | G84: 355.58
A85: 14108361 | B85: VILLEGAS HUIZAR FERNANDO | C85: 2021-08-06 | D85: LIPU | E85: Descansero | F85: Descansero | G85: 355.58
A86: 14108382 | B86: ROSALES SANDOVAL LUIS AARON | C86: 2021-08-06 | D86: LIPU | E86: 7.9219754 | F86: 13.27616 | G86: 355.58
A87: 14108483 | B87: ZAVALA NAVARRO SAUL | C87: 2021-08-13 | D87: LIPU | E87: 3.5514511 | F87: 3.0482582 | G87: 0
A88: 14108552 | B88: ZUÑIGA HERNANDEZ OSCAR FRANCISCO | C88: 2023-11-14 | D88: LIPU | E88: 8.7869923 | F88: 11.96256 | G88: 355.58
A89: 14108553 | B89: MARTINEZ LOPEZ JORGE ANTONIO | C89: 2024-06-03 | D89: LIPU | E89: Descansero | F89: Descansero | G89: 355.58
A90: 14108571 | B90: BELTRAN OLIVARES NESTOR ARMANDO | C90: 2021-08-20 | D90: LIPU | E90: 4.4036493 | F90: 5.0284213 | G90: 355.58
A91: 14108775 | B91: PARRA COBIAN OSCAR | C91: 2024-10-25 | D91: LIPU | E91: 7.7263121 | F91: 7.927131 | G91: 355.58
A92: 14108828 | B92: BARAJAS SALDAÑA JUAN | C92: 2025-03-14 | D92: LIPU | E92: 8.2783842 | F92: 8.9816465 | G92: 355.58
A93: 14108916 | B93: RAMOS DELGADO FRANCISCO | C93: 2021-10-06 | D93: LIPU | E93: 3.4882064 | F93: 4.974137 | G93: 355.58
A94: 14109032 | B94: GARCIA PRECIADO ANTONIO | C94: 2021-10-28 | D94: LIPU | E94: 3.8710509 | F94: 4.0309925 | G94: 355.58
A95: 14109097 | B95: VAZQUEZ CERVANTES JOSE MAURICIO | C95: 2021-11-08 | D95: LIPU | E95: 4.6120013 | F95: 5.2451865 | G95: 355.58
A96: 14109131 | B96: GONZALEZ FLOREZ SALVADOR | C96: 2021-11-08 | D96: LIPU | E96: 4.3749427 | F96: 5.0441001 | G96: 355.58
A97: 14109133 | B97: RENTERIA GUTIERREZ JUAN MANUEL | C97: 2021-11-08 | D97: LIPU | E97: 4.421236 | F97: 4.5 | G97: 355.58
A98: 14109134 | B98: GODINEZ CONTRERAS SERGIO ALEJANDRO | C98: 2021-11-08 | D98: LIPU | E98: 4.813229 | F98: 5.3184328 | G98: 355.58
A99: 14109378 | B99: NAVARRO MEZA JULIAN | C99: 2021-12-21 | D99: LIPU | E99: 4.3904208 | F99: 5.2559727 | G99: 355.58
A100: 14109408 | B100: DE LA CRUZ CHAVEZ LUIS DAVID | C100: 2022-01-04 | D100: LIPU | E100: 9.5058736 | F100: 9.665296 | G100: 355.58
A101: 14109430 | B101: LOPEZ ARIAS FERNANDO | C101: 2022-01-10 | D101: LIPU | E101: 9.5058736 | F101: 13.199804 | G101: 355.58
... A106: 14109674 | B106: BARRERA HERNANDEZ JOSE SALVADOR | C106: 2022-02-11 | D106: LIPU | E106: 9.26 | F106: 9.82 | G106: 355.58
A107: 14109677 | B107: MARTINEZ RAMIREZ CARLOS ENRIQUE | C107: 2022-02-11 | D107: LIPU | E107: Descansero | F107: Descansero | G107: 355.58
...

Sheet BONOS
F1: 2002 AL 2015 4.30 | K1: SINIESTROS | L1: QUEJAS | M1: PUNTUALIDAD | N1: SCORE | O1: LOGUEO
A2: SEMANA 34 | F2: camion | K2: 134.18 | L2: 134.18 | N2: 200 | O2: 177.44
K4: 69371.06 | L4: 68834.34 | M4: 0 | N4: 49400 | O4: 48796 | P4: 0 | Q4: 0 | R4: 0 | S4: 236401.4
E5: CON/SIN | F5: CON/SIN | G5: TOTAL | H5: OK/NO | I5: OK/NO | J5: LOGUEO/NO LOGUEO | K5: TOTAL FORMULADO OBTENIDO | S5: TOTAL FORMULADO
A6: CLAVE | B6: NOMBRE | C6: F.INGRESO | D6: UNIDAD | E6: SINIESTROS | F6: QUEJAS | G6: SCORE OBTENIDO | H6: BONO SCORE | I6: PUNTUALIDAD | J6: BONO LOGUEO | K6: BONO SINIESTROS | L6: BONO QUEJAS | M6: BONO PUNTUALIDAD | N6: BONO SCORE1 | O6: BONO LOGUEO1 | P6: TOTAL BONO | Q6: DETALLE(FECHA DE SINIESTRO) | R6: OBSERVACIONES | S6: TOTAL B.DESEMPEÑO | U6: CONFIRMACIÓN DE VIAJE | V6: GUARDIA
A7: 14100714 | B7: RAMIREZ RODRIGUEZ JESUS | C7: 2019-01-11 | D7: LIPU | E7: SIN SINIESTRO | F7: SIN QUEJA | G7: 95 | H7: OK | I7: OK | J7: LOGUEO | K7: 134.18 | L7: 134.18 | N7: 200 | O7: 177.44 | S7: 645.8 | U7: BONO | V7: NO
A8: 14100718 | B8: MARTINEZ OCHOA PAULO | C8: 2017-05-01 | D8: LIPU | E8: SIN SINIESTRO | F8: SIN QUEJA | G8: 92 | H8: OK | I8: OK | J8: LOGUEO | K8: 134.18 | L8: 134.18 | N8: 200 | O8: 177.44 | S8: 645.8 | U8: BONO | V8: NO
A9: 14100721 | B9: GUTIERREZ VELEZ FRANCISCO | C9: 2021-07-08 | D9: LIPU | E9: SIN SINIESTRO | F9: SIN QUEJA | G9: 84 | H9: NO | I9: OK | J9: LOGUEO | K9: 134.18 | L9: 134.18 | N9: 0 | O9: 177.44 | S9: 445.8 | U9: BONO | V9: NO
A10: 14100724 | B10: ORTIZ GARCIA LUIS ALBERTO | C10: 2017-05-01 | D10: LIPU | E10: SIN SINIESTRO | F10: SIN QUEJA | G10: 95 | H10: OK | I10: NO | J10: LOGUEO | K10: 134.18 | L10: 134.18 | N10: 0 | O10: 0 | S10: 268.36 | U10: BONO | V10: NO
A11: 14100725 | B11: NAJAR LOPEZ JOSE SERGIO | C11: 2017-05-01 | D11: LIPU | E11: SIN SINIESTRO | F11: SIN QUEJA | G11: 93 | H11: OK | I11: OK | J11: NO LOGUEO | K11: 134.18 | L11: 134.18 | N11: 200 | O11: 0 | S11: 468.36 | U11: BONO | V11: NO
A12: 14100726 | B12: GUZMAN MUNGUIA LUIS JAVIER | C12: 2017-05-01 | D12: LIPU | E12: SIN SINIESTRO | F12: SIN QUEJA | G12: 95 | H12: OK | I12: OK | J12: LOGUEO | K12: 134.18 | L12: 134.18 | N12: 200 | O12: 177.44 | S12: 645.8 | U12: BONO | V12: NO
A13: 14100727 | B13: ALONZO PEREZ JOSE REYES | C13: 2017-05-01 | D13: LIPU | E13: SIN SINIESTRO | F13: SIN QUEJA | G13: 92 | H13: OK | I13: NO | J13: LOGUEO | K13: 134.18 | L13: 134.18 | N13: 0 | O13: 0 | S13: 268.36 | U13: BONO | V13: NO
A14: 14100729 | B14: LARIOS ALCARAZ EDUARDO | C14: 2017-05-01 | D14: LIPU | E14: SIN SINIESTRO | F14: SIN QUEJA | G14: 90 | H14: OK | I14: NO | J14: LOGUEO | K14: 134.18 | L14: 134.18 | N14: 0 | O14: 0 | S14: 268.36 | U14: BONO | V14: NO
A15: 14100731 | B15: TABARES FLORES OSCAR ALEJANDRO | C15: 2022-09-02 | D15: LIPU | E15: SIN SINIESTRO | F15: SIN QUEJA | G15: 92 | H15: OK | I15: NO | J15: LOGUEO | K15: 134.18 | L15: 134.18 | N15: 0 | O15: 0 | S15: 268.36 | U15: BONO | V15: NO
A16: 14100732 | B16: ROBLES DEADEL LAZARO | C16: 2017-05-01 | D16: LIPU | E16: SIN SINIESTRO | F16: SIN QUEJA | G16: 90 | H16: OK | I16: OK | J16: LOGUEO | K16: 134.18 | L16: 134.18 | N16: 200 | O16: 177.44 | S16: 645.8 | U16: BONO | V16: NO
A17: 14100733 | B17: LINARES CISNEROS JOSE ANTONIO | C17: 2017-05-01 | D17: LIPU | E17: SIN SINIESTRO | F17: SIN QUEJA | G17: 95 | H17: OK | I17: NO | J17: LOGUEO | K17: 134.18 | L17: 134.18 | N17: 0 | O17: 0 | S17: 268.36 | U17: BONO | V17: NO
A18: 14100740 | B18: OLIVARES HERNANDEZ GABRIEL | C18: 2021-11-17 | D18: LIPU | E18: SIN SINIESTRO | F18: SIN QUEJA | G18: 93 | H18: OK | I18: NO | J18: LOGUEO | K18: 134.18 | L18: 134.18 | N18: 0 | O18: 0 | S18: 268.36 | U18: BONO | V18: NO
A19: 14100751 | B19: FLORES GARCIA PEDRO | C19: 2025-10-10 | D19: LIPU | E19: SIN SINIESTRO | F19: SIN QUEJA | G19: 92 | H19: OK | I19: NO | J19: LOGUEO | K19: 134.18 | L19: 134.18 | N19: 0 | O19: 0 | S19: 268.36 | U19: BONO | V19: NO
A20: 14100777 | B20: GONZALEZ MANZO JAVIER OSWALDO | C20: 2017-05-01 | D20: LIPU | E20: SIN SINIESTRO | F20: SIN QUEJA | H20: NO | I20: OK | J20: NO LOGUEO | K20: 0 | L20: 0 | N20: 0 | O20: 0 | S20: 0 | U20: NO | V20: NO
A21: 14100787 | B21: YEPEZ VAZQUEZ JOAN | C21: 2017-05-01 | D21: LIPU | E21: SIN SINIESTRO | F21: SIN QUEJA | G21: 93 | H21: OK | I21: NO | J21: LOGUEO | K21: 134.18 | L21: 134.18 | N21: 0 | O21: 0 | S21: 268.36 | U21: BONO | V21: NO
A22: 14100795 | B22: BALTAZAR MENDOZA HORACIO | C22: 2017-05-01 | D22: LIPU | E22: SIN SINIESTRO | F22: SIN QUEJA | G22: 95 | H22: OK | I22: OK | J22: LOGUEO | K22: 134.18 | L22: 134.18 | N22: 200 | O22: 177.44 | S22: 645.8 | U22: BONO | V22: NO
A23: 14100798 | B23: CARRILLO REYNOSO JESUS ALEJANDRO | C23: 2017-05-01 | D23: LIPU | E23: SIN SINIESTRO | F23: SIN QUEJA | G23: 95 | H23: OK | I23: NO | J23: LOGUEO | K23: 134.18 | L23: 134.18 | N23: 0 | O23: 0 | S23: 268.36 | U23: BONO | V23: NO
A24: 14100807 | B24: OSORIO HERNANDEZ DOMINGO | C24: 2023-05-12 | D24: LIPU | E24: SIN SINIESTRO | F24: SIN QUEJA | G24: 93 | H24: OK | I24: OK | J24: LOGUEO | K24: 134.18 | L24: 134.18 | N24: 200 | O24: 177.44 | S24: 645.8 | U24: BONO | V24: NO
A25: 14100823 | B25: FLORES ENRIQUEZ JUAN PABLO | C25: 2024-08-05 | D25: LIPU | E25: SIN SINIESTRO | F25: SIN QUEJA | G25: 94 | H25: OK | I25: OK | J25: LOGUEO | K25: 134.18 | L25: 134.18 | N25: 200 | O25: 177.44 | S25: 645.8 | U25: BONO | V25: GUARDIA
A26: 14100842 | B26: BECERRA LUNA GUILLERMO | C26: 2017-05-01 | D26: LIPU | E26: SIN SINIESTRO | F26: SIN QUEJA | H26: NO | I26: OK | J26: NO LOGUEO | K26: 0 | L26: 0 | N26: 0 | O26: 0 | S26: 0 | U26: NO | V26: NO
A27: 14100843 | B27: LOPEZ RAYMUNDO ROBERTO | C27: 2025-03-07 | D27: LIPU | E27: SIN SINIESTRO | F27: SIN QUEJA | G27: 91 | H27: OK | I27: OK | J27: LOGUEO | K27: 134.18 | L27: 134.18 | N27: 200 | O27: 177.44 | S27: 645.8 | U27: BONO | V27: GUARDIA
A28: 14100858 | B28: REYNAGA SANCHEZ MARIO | C28: 2025-06-06 | D28: LIPU | E28: SIN SINIESTRO | F28: SIN QUEJA | G28: 92 | H28: OK | I28: OK | J28: LOGUEO | K28: 134.18 | L28: 134.18 | N28: 200 | O28: 177.44 | S28: 645.8 | U28: BONO | V28: NO
A29: 14100863 | B29: MARTINEZ ZAVALA FRANCISCO ESPIRIDION | C29: 2017-05-01 | D29: LIPU | E29: SIN SINIESTRO | F29: SIN QUEJA | G29: 94 | H29: OK | I29: OK | J29: LOGUEO | K29: 134.18 | L29: 134.18 | N29: 200 | O29: 177.44 | S29: 645.8 | U29: BONO | V29: NO
A30: 14100897 | B30: CRUZ GUTIERREZ ALFREDO | C30: 2025-05-09 | D30: LIPU | E30: SIN SINIESTRO | F30: SIN QUEJA | G30: 94 | H30: OK | I30: OK | J30: LOGUEO | K30: 134.18 | L30: 134.18 | N30: 200 | O30: 177.44 | S30: 645.8 | U30: BONO | V30: NO
A31: 14100902 | B31: SANCHEZ PONCE JOSE ALBERTO | C31: 2025-12-31 | D31: LIPU | E31: SIN SINIESTRO | F31: SIN QUEJA | G31: 74 | H31: NO | I31: NO | J31: LOGUEO | K31: 134.18 | L31: 134.18 | N31: 0 | O31: 0 | S31: 268.36 | U31: BONO | V31: NO
A32: 14101881 | B32: MORALES AGUILAR ALBERTO | C32: 2017-05-24 | D32: LIPU | E32: SIN SINIESTRO | F32: SIN QUEJA | G32: 93 | H32: OK | I32: OK | J32: LOGUEO | K32: 134.18 | L32: 134.18 | N32: 200 | O32: 177.44 | S32: 645.8 | U32: BONO | V32: NO
A33: 14101984 | B33: TABARES VAZQUEZ MARTIN | C33: 2018-11-29 | D33: LIPU | E33: SIN SINIESTRO | F33: SIN QUEJA | G33: 80 | H33: NO | I33: OK | J33: LOGUEO | K33: 134.18 | L33: 134.18 | N33: 0 | O33: 177.44 | S33: 445.8 | U33: BONO | V33: NO
A34: 14102081 | B34: OLEA SANCHEZ JOSE LUIS | C34: 2017-07-07 | D34: LIPU | E34: SIN SINIESTRO | F34: SIN QUEJA | G34: 92 | H34: OK | I34: OK | J34: LOGUEO | K34: 134.18 | L34: 134.18 | N34: 200 | O34: 177.44 | S34: 645.8 | U34: BONO | V34: GUARDIA
A35: 14102288 | B35: RAMOS ANGUIANO SERGIO DAVID | C35: 2017-08-15 | D35: LIPU | E35: SIN SINIESTRO | F35: SIN QUEJA | G35: 93 | H35: OK | I35: NO | J35: LOGUEO | K35: 134.18 | L35: 134.18 | N35: 0 | O35: 0 | S35: 268.36 | U35: BONO | V35: NO
A36: 14102701 | B36: ORTIZ HERNANDEZ JESUS GUADALUPE | C36: 2017-11-06 | D36: LIPU | E36: SIN SINIESTRO | F36: SIN QUEJA | G36: 89 | H36: NO | I36: OK | J36: LOGUEO | K36: 134.18 | L36: 134.18 | N36: 0 | O36: 177.44 | S36: 445.8 | U36: BONO | V36: NO
A37: 14102730 | B37: ESTRADA ALVAREZ FERNANDO | C37: 2017-11-13 | D37: LIPU | E37: SIN SINIESTRO | F37: SIN QUEJA | G37: 95 | H37: OK | I37: OK | J37: LOGUEO | K37: 134.18 | L37: 134.18 | N37: 200 | O37: 177.44 | S37: 645.8 | U37: BONO | V37: NO
A38: 14102875 | B38: LARIOS SANCHEZ HECTOR ALEXANDER | C38: 2017-12-20 | D38: LIPU | E38: SIN SINIESTRO | F38: SIN QUEJA | G38: 94 | H38: OK | I38: NO | J38: LOGUEO | K38: 134.18 | L38: 134.18 | N38: 0 | O38: 0 | S38: 268.36 | U38: BONO | V38: GUARDIA
A39: 14102890 | B39: GONZALEZ VALENCIA BARTOLO | C39: 2017-12-21 | D39: LIPU | E39: SIN SINIESTRO | F39: SIN QUEJA | H39: NO | I39: OK | J39: NO LOGUEO | K39: 0 | L39: 0 | N39: 0 | O39: 0 | S39: 0 | U39: NO | V39: NO
A40: 14103061 | B40: SANCHEZ PEREZ CARLOS FORTINO | C40: 2023-06-01 | D40: LIPU | E40: SIN SINIESTRO | F40: SIN QUEJA | G40: 95 | H40: OK | I40: OK | J40: LOGUEO | K40: 134.18 | L40: 134.18 | N40: 200 | O40: 177.44 | S40: 645.8 | U40: BONO | V40: NO
A41: 14103106 | B41: CORTES ARMENTA HERNAN | C41: 2018-02-02 | D41: LIPU | E41: SIN SINIESTRO | F41: SIN QUEJA | G41: 94 | H41: OK | I41: NO | J41: LOGUEO | K41: 134.18 | L41: 134.18 | N41: 0 | O41: 0 | S41: 268.36 | U41: BONO | V41: NO
A42: 14103183 | B42: HERNANDEZ RON BLANCA HERLINDA | C42: 2018-02-27 | D42: LIPU | E42: SIN SINIESTRO | F42: SIN QUEJA | G42: 95 | H42: OK | I42: NO | J42: LOGUEO | K42: 134.18 | L42: 134.18 | N42: 0 | O42: 0 | S42: 268.36 | U42: BONO | V42: NO
A43: 14103335 | B43: RIVERA MARTINEZ GUSTAVO | C43: 2018-04-09 | D43: LIPU | E43: SIN SINIESTRO | F43: SIN QUEJA | G43: 94 | H43: OK | I43: NO | J43: LOGUEO | K43: 134.18 | L43: 134.18 | N43: 0 | O43: 0 | S43: 268.36 | U43: BONO | V43: NO
A44: 14103470 | B44: DEL TORO MARTINEZ HECTOR JOSE | C44: 2026-06-13 | D44: LIPU | E44: SIN SINIESTRO | F44: SIN QUEJA | G44: 79 | H44: NO | I44: NO | J44: LOGUEO | K44: 134.18 | L44: 134.18 | N44: 0 | O44: 0 | S44: 268.36 | U44: BONO | V44: NO
A45: 14103679 | B45: BAUTISTA SOLORIO JAIME | C45: 2018-06-29 | D45: LIPU | E45: SIN SINIESTRO | F45: SIN QUEJA | G45: 90 | H45: OK | I45: OK | J45: LOGUEO | K45: 134.18 | L45: 134.18 | N45: 200 | O45: 177.44 | S45: 645.8 | U45: BONO | V45: NO
A46: 14103936 | B46: GUTIERREZ GALINDO CARLOS DE JESUS | C46: 2025-08-23 | D46: LIPU | E46: SINIESTRO | F46: SIN QUEJA | G46: 89 | H46: NO | I46: NO | J46: LOGUEO | K46: 0 | L46: 134.18 | N46: 0 | O46: 0 | S46: 134.18 | U46: BONO | V46: NO
A47: 14103952 | B47: HERNANDEZ ORTEGA RAUL | C47: 2018-08-23 | D47: LIPU | E47: SIN SINIESTRO | F47: SIN QUEJA | G47: 95 | H47: OK | I47: NO | J47: LOGUEO | K47: 134.18 | L47: 134.18 | N47: 0 | O47: 0 | S47: 268.36 | U47: BONO | V47: NO
A48: 14104315 | B48: SERRANO MACHUCA MARTIN DE JESUS | C48: 2025-10-31 | D48: LIPU | E48: SIN SINIESTRO | F48: SIN QUEJA | G48: 89 | H48: NO | I48: NO | J48: LOGUEO | K48: 134.18 | L48: 134.18 | N48: 0 | O48: 0 | S48: 268.36 | U48: BONO | V48: NO
A49: 14104316 | B49: COBIAN AYALA EDGAR | C49: 2022-11-16 | D49: LIPU | E49: SIN SINIESTRO | F49: SIN QUEJA | G49: 92 | H49: OK | I49: NO | J49: LOGUEO | K49: 134.18 | L49: 134.18 | N49: 0 | O49: 0 | S49: 268.36 | U49: BONO | V49: NO
A50: 14104599 | B50: TORRES GUARDADO JOSE LUIS | C50: 2023-03-09 | D50: LIPU | E50: SIN SINIESTRO | F50: SIN QUEJA | G50: 93 | H50: OK | I50: NO | J50: LOGUEO | K50: 134.18 | L50: 134.18 | N50: 0 | O50: 0 | S50: 268.36 | U50: BONO | V50: NO
A51: 14104822 | B51: HERNANDEZ CRUZ ERNESTO | C51: 2019-03-06 | D51: LIPU | E51: SIN SINIESTRO | F51: SIN QUEJA | G51: 93 | H51: OK | I51: OK | J51: LOGUEO | K51: 134.18 | L51: 134.18 | N51: 200 | O51: 177.44 | S51: 645.8 | U51: BONO | V51: GUARDIA
... A65: 14106438 | B65: GAYTAN PINEDO CARLOS ENRIQUE | C65: 2020-05-19 | D65: LIPU | E65: SIN SINIESTRO | F65: SIN QUEJA | G65: 94 | H65: OK | I65: NO | J65: LOGUEO | K65: 134.18 | L65: 134.18 | N65: 0 | O65: 0 | S65: 268.36 | U65: BONO | V65: NO
A66: 14106778 | B66: CABALLERO ANGUIANO SERGIO | C66: 2020-07-24 | D66: LIPU | E66: SIN SINIESTRO | F66: SIN QUEJA | H66: NO | I66: OK | J66: NO LOGUEO | K66: 0 | L66: 0 | N66: 0 | O66: 0 | S66: 0 | U66: NO | V66: NO
A67: 14106949 | B67: SOTELO AVIÑA MICHEL ALEJANDRO | C67: 2020-09-21 | D67: LIPU | E67: SIN SINIESTRO | F67: SIN QUEJA | G67: 95 | H67: OK | I67: NO | J67: LOGUEO | K67: 134.18 | L67: 134.18 | N67: 0 | O67: 0 | S67: 268.36 | U67: BONO | V67: NO
A68: 14106980 | B68: LOPEZ GODOY ENRIQUE | C68: 2020-09-28 | D68: LIPU | E68: SIN SINIESTRO | F68: SIN QUEJA | G68: 95 | H68: OK | I68: OK | J68: LOGUEO | K68: 134.18 | L68: 134.18 | N68: 200 | O68: 177.44 | S68: 645.8 | U68: BONO | V68: NO
A69: 14107081 | B69: RAMIREZ RUIZ RAUL | C69: 2020-11-01 | D69: LIPU | E69: SIN SINIESTRO | F69: SIN QUEJA | G69: 94 | H69: OK | I69: OK | J69: LOGUEO | K69: 134.18 | L69: 134.18 | N69: 200 | O69: 177.44 | S69: 645.8 | U69: BONO | V69: NO
A70: 14107167 | B70: MENDEZ RUIZ BENJAMIN FRANCISCO | C70: 2020-11-20 | D70: LIPU | E70: SIN SINIESTRO | F70: SIN QUEJA | G70: 94 | H70: OK | I70: NO | J70: LOGUEO | K70: 134.18 | L70: 134.18 | N70: 0 | O70: 0 | S70: 268.36 | U70: BONO | V70: NO
A71: 14107202 | B71: ANGUIANO OCAMPO JOSE GUADALUPE | C71: 2023-03-17 | D71: LIPU | E71: SIN SINIESTRO | F71: SIN QUEJA | H71: NO | I71: OK | J71: NO LOGUEO | K71: 0 | L71: 0 | N71: 0 | O71: 0 | S71: 0 | U71: NO | V71: NO
A72: 14107206 | B72: HERNANDEZ CHAVEZ FERNANDO | C72: 2020-12-07 | D72: LIPU | E72: SIN SINIESTRO | F72: SIN QUEJA | G72: 94 | H72: OK | I72: OK | J72: LOGUEO | K72: 134.18 | L72: 134.18 | N72: 200 | O72: 177.44 | S72: 645.8 | U72: BONO | V72: NO
A73: 14107217 | B73: GARCIA PEREZ ALFONSO | C73: 2020-12-08 | D73: LIPU | E73: SIN SINIESTRO | F73: SIN QUEJA | G73: 89 | H73: NO | I73: NO | J73: NO LOGUEO | K73: 134.18 | L73: 134.18 | N73: 0 | O73: 0 | S73: 268.36 | U73: BONO | V73: NO
A74: 14107271 | B74: PEREZ CASTILLO GABRIEL | C74: 2020-12-23 | D74: LIPU | E74: SIN SINIESTRO | F74: SIN QUEJA | G74: 90 | H74: OK | I74: OK | J74: NO LOGUEO | K74: 134.18 | L74: 134.18 | N74: 200 | O74: 0 | S74: 468.36 | U74: BONO | V74: NO
A75: 14107293 | B75: MAGAÑA CONTRERAS JOSE LUIS | C75: 2025-01-16 | D75: LIPU | E75: SIN SINIESTRO | F75: SIN QUEJA | G75: 90 | H75: OK | I75: NO | J75: NO LOGUEO | K75: 0 | L75: 0 | N75: 0 | O75: 0 | S75: 0 | U75: NO | V75: NO
A76: 14107393 | B76: GUERRERO CORTES SERGIO RICARDO | C76: 2021-01-28 | D76: LIPU | E76: SIN SINIESTRO | F76: SIN QUEJA | G76: 91 | H76: OK | I76: NO | J76: LOGUEO | K76: 134.18 | L76: 134.18 | N76: 0 | O76: 0 | S76: 268.36 | U76: BONO | V76: NO
A77: 14107484 | B77: LOPEZ VELASCO MARIO | C77: 2021-02-18 | D77: LIPU | E77: SIN SINIESTRO | F77: SIN QUEJA | G77: 95 | H77: OK | I77: NO | J77: LOGUEO | K77: 134.18 | L77: 134.18 | N77: 0 | O77: 0 | S77: 268.36 | U77: BONO | V77: NO
A78: 14107552 | B78: PACHECO SALCEDO FERNANDO | C78: 2021-03-04 | D78: LIPU | E78: SIN SINIESTRO | F78: SIN QUEJA | G78: 90 | H78: OK | I78: NO | J78: LOGUEO | K78: 134.18 | L78: 134.18 | N78: 0 | O78: 0 | S78: 268.36 | U78: BONO | V78: NO
A79: 14107735 | B79: ZEPEDA GUERRERO JUAN CARLOS | C79: 2021-04-16 | D79: LIPU | E79: SIN SINIESTRO | F79: SIN QUEJA | G79: 95 | H79: OK | I79: OK | J79: LOGUEO | K79: 134.18 | L79: 134.18 | N79: 200 | O79: 177.44 | S79: 645.8 | U79: BONO | V79: NO
A80: 14107754 | B80: GARCIA DE LA TORRE LEONARDO | C80: 2021-04-22 | D80: LIPU | E80: SIN SINIESTRO | F80: SIN QUEJA | G80: 93 | H80: OK | I80: OK | J80: LOGUEO | K80: 134.18 | L80: 134.18 | N80: 200 | O80: 177.44 | S80: 645.8 | U80: BONO | V80: NO
A81: 14107840 | B81: CONTRERAS DAVILA DANIEL | C81: 2021-05-12 | D81: LIPU | E81: SIN SINIESTRO | F81: SIN QUEJA | G81: 95 | H81: OK | I81: OK | J81: NO LOGUEO | K81: 134.18 | L81: 134.18 | N81: 200 | O81: 0 | S81: 468.36 | U81: BONO | V81: NO
A82: 14107967 | B82: VAZQUEZ FLORES FABIAN | C82: 2021-06-10 | D82: LIPU | E82: SIN SINIESTRO | F82: SIN QUEJA | G82: 95 | H82: OK | I82: NO | J82: LOGUEO | K82: 134.18 | L82: 134.18 | N82: 0 | O82: 0 | S82: 268.36 | U82: BONO | V82: NO
A83: 14107978 | B83: LIRA LOPEZ LUIS ANGEL | C83: 2021-06-11 | D83: LIPU | E83: SIN SINIESTRO | F83: SIN QUEJA | G83: 92 | H83: OK | I83: OK | J83: NO LOGUEO | K83: 134.18 | L83: 134.18 | N83: 200 | O83: 0 | S83: 468.36 | U83: BONO | V83: NO
... A89: 14108361 | B89: VILLEGAS HUIZAR FERNANDO | C89: 2021-08-06 | D89: LIPU | E89: SIN SINIESTRO | F89: SIN QUEJA | G89: 90 | H89: OK | I89: NO | J89: LOGUEO | K89: 134.18 | L89: 134.18 | N89: 0 | O89: 0 | S89: 268.36 | U89: BONO | V89: NO
A90: 14108382 | B90: ROSALES SANDOVAL LUIS AARON | C90: 2021-08-06 | D90: LIPU | E90: SIN SINIESTRO | F90: SIN QUEJA | H90: NO | I90: OK | J90: NO LOGUEO | K90: 0 | L90: 0 | N90: 0 | O90: 0 | S90: 0 | U90: NO | V90: NO
A91: 14108483 | B91: ZAVALA NAVARRO SAUL | C91: 2021-08-13 | D91: LIPU | E91: SIN SINIESTRO | F91: SIN QUEJA | G91: 91 | H91: OK | I91: OK | J91: LOGUEO | K91: 134.18 | L91: 134.18 | N91: 200 | O91: 177.44 | S91: 645.8 | U91: BONO | V91: NO
A92: 14108552 | B92: ZUÑIGA HERNANDEZ OSCAR FRANCISCO | C92: 2023-11-14 | D92: LIPU | E92: SIN SINIESTRO | F92: SIN QUEJA | G92: 89 | H92: NO | I92: NO | J92: LOGUEO | K92: 134.18 | L92: 134.18 | N92: 0 | O92: 0 | S92: 268.36 | U92: BONO | V92: GUARDIA
A93: 14108553 | B93: MARTINEZ LOPEZ JORGE ANTONIO | C93: 2024-06-03 | D93: LIPU | E93: SIN SINIESTRO | F93: SIN QUEJA | H93: NO | I93: OK | J93: NO LOGUEO | K93: 0 | L93: 0 | N93: 0 | O93: 0 | S93: 0 | U93: NO | V93: NO
A94: 14108571 | B94: BELTRAN OLIVARES NESTOR ARMANDO | C94: 2021-08-20 | D94: LIPU | E94: SIN SINIESTRO | F94: SIN QUEJA | G94: 91 | H94: OK | I94: OK | J94: LOGUEO | K94: 134.18 | L94: 134.18 | N94: 200 | O94: 177.44 | S94: 645.8 | U94: BONO | V94: NO
A95: 14108775 | B95: PARRA COBIAN OSCAR | C95: 2024-10-25 | D95: LIPU | E95: SIN SINIESTRO | F95: SIN QUEJA | G95: 73 | H95: NO | I95: OK | J95: NO LOGUEO | K95: 134.18 | L95: 134.18 | N95: 0 | O95: 0 | S95: 268.36 | U95: BONO | V95: NO
A96: 14108828 | B96: BARAJAS SALDAÑA JUAN | C96: 2025-03-14 | D96: LIPU | E96: SIN SINIESTRO | F96: SIN QUEJA | G96: 93 | H96: OK | I96: NO | J96: LOGUEO | K96: 134.18 | L96: 134.18 | N96: 0 | O96: 0 | S96: 268.36 | U96: BONO | V96: NO
A97: 14108916 | B97: RAMOS DELGADO FRANCISCO | C97: 2021-10-06 | D97: LIPU | E97: SIN SINIESTRO | F97: SIN QUEJA | G97: 77 | H97: NO | I97: NO | J97: LOGUEO | K97: 134.18 | L97: 134.18 | N97: 0 | O97: 0 | S97: 268.36 | U97: BONO | V97: NO
A98: 14109032 | B98: GARCIA PRECIADO ANTONIO | C98: 2021-10-28 | D98: LIPU | E98: SIN SINIESTRO | F98: SIN QUEJA | G98: 95 | H98: OK | I98: NO | J98: LOGUEO | K98: 134.18 | L98: 134.18 | N98: 0 | O98: 0 | S98: 268.36 | U98: BONO | V98: NO
A99: 14109097 | B99: VAZQUEZ CERVANTES JOSE MAURICIO | C99: 2021-11-08 | D99: LIPU | E99: SIN SINIESTRO | F99: SIN QUEJA | G99: 94 | H99: OK | I99: OK | J99: LOGUEO | K99: 134.18 | L99: 134.18 | N99: 200 | O99: 177.44 | S99: 645.8 | U99: BONO | V99: NO
A100: 14109131 | B100: GONZALEZ FLOREZ SALVADOR | C100: 2021-11-08 | D100: LIPU | E100: SIN SINIESTRO | F100: SIN QUEJA | G100: 93 | H100: OK | I100: NO | J100: LOGUEO | K100: 134.18 | L100: 134.18 | N100: 0 | O100: 0 | S100: 268.36 | U100: BONO | V100: NO
A101: 14109133 | B101: RENTERIA GUTIERREZ JUAN MANUEL | C101: 2021-11-08 | D101: LIPU | E101: SIN SINIESTRO | F101: SIN QUEJA | G101: 91 | H101: OK | I101: NO | J101: LOGUEO | K101: 134.18 | L101: 134.18 | N101: 0 | O101: 0 | S101: 268.36 | U101: BONO | V101: NO
A102: 14109134 | B102: GODINEZ CONTRERAS SERGIO ALEJANDRO | C102: 2021-11-08 | D102: LIPU | E102: SIN SINIESTRO | F102: SIN QUEJA | G102: 94 | H102: OK | I102: NO | J102: LOGUEO | K102: 134.18 | L102: 134.18 | N102: 0 | O102: 0 | S102: 268.36 | U102: BONO | V102: NO
A103: 14109378 | B103: NAVARRO MEZA JULIAN | C103: 2021-12-21 | D103: LIPU | E103: SIN SINIESTRO | F103: SIN QUEJA | G103: 95 | H103: OK | I103: OK | J103: LOGUEO | K103: 134.18 | L103: 134.18 | N103: 200 | O103: 177.44 | S103: 645.8 | U103: BONO | V103: NO
A104: 14109408 | B104: DE LA CRUZ CHAVEZ LUIS DAVID | C104: 2022-01-04 | D104: LIPU | E104: SIN SINIESTRO | F104: SIN QUEJA | H104: NO | I104: OK | J104: NO LOGUEO | K104: 0 | L104: 0 | N104: 0 | O104: 0 | S104: 0 | U104: NO | V104: NO
A105: 14109430 | B105: LOPEZ ARIAS FERNANDO | C105: 2022-01-10 | D105: LIPU | E105: SIN SINIESTRO | F105: SIN QUEJA | G105: 91 | H105: OK | I105: OK | J105: NO LOGUEO | K105: 134.18 | L105: 134.18 | N105: 200 | O105: 0 | S105: 468.36 | U105: BONO | V105: GUARDIA
A106: 14109435 | B106: MEDINA ALVAREZ CUAUHTEMOC | C106: 2022-01-12 | D106: LIPU | E106: SIN SINIESTRO | F106: SIN QUEJA | G106: 94 | H106: OK | I106: OK | J106: LOGUEO | K106: 134.18 | L106: 134.18 | N106: 200 | O106: 177.44 | S106: 645.8 | U106: BONO | V106: GUARDIA
A107: 14109436 | B107: GARCIA SALCEDO FRANCISCO JAVIER | C107: 2026-01-09 | D107: LIPU | E107: SIN SINIESTRO | F107: SIN QUEJA | G107: 93 | H107: OK | I107: NO | J107: LOGUEO | K107: 134.18 | L107: 134.18 | N107: 0 | O107: 0 | S107: 268.36 | U107: BONO | V107: NO
A108: 14109648 | B108: SANCHEZ CANDELARIO GUSTAVO | C108: 2025-02-22 | D108: LIPU | E108: SIN SINIESTRO | F108: SIN QUEJA | G108: 95 | H108: OK | I108: OK | J108: LOGUEO | K108: 134.18 | L108: 134.18 | N108: 200 | O108: 177.44 | S108: 645.8 | U108: BONO | V108: NO
A109: 14109664 | B109: ALVARADO LOPEZ GERARDO | C109: 2022-02-09 | D109: LIPU | E109: SIN SINIESTRO | F109: SIN QUEJA | G109: 92 | H109: OK | I109: OK | J109: LOGUEO | K109: 134.18 | L109: 134.18 | N109: 200 | O109: 177.44 | S109: 645.8 | U109: BONO | V109: NO
A110: 14109674 | B110: BARRERA HERNANDEZ JOSE SALVADOR | C110: 2022-02-11 | D110: LIPU | E110: SIN SINIESTRO | F110: SIN QUEJA | G110: 93 | H110: OK | I110: OK | J110: LOGUEO | K110: 134.18 | L110: 134.18 | N110: 200 | O110: 177.44 | S110: 645.8 | U110: BONO | V110: NO
A111: 14109677 | B111: MARTINEZ RAMIREZ CARLOS ENRIQUE | C111: 2022-02-11 | D111: LIPU | E111: SIN SINIESTRO | F111: SIN QUEJA | H111: NO | I111: OK | J111: NO LOGUEO | K111: 0 | L111: 0 | N111: 0 | O111: 0 | S111: 0 | U111: NO | V111: NO
A112: 14109707 | B112: JIMENEZ LOPEZ ARMANDO | C112: 2022-02-16 | D112: LIPU | E112: SIN SINIESTRO | F112: SIN QUEJA | G112: 95 | H112: OK | I112: OK | J112: LOGUEO | K112: 134.18 | L112: 134.18 | N112: 200 | O112: 177.44 | S112: 645.8 | U112: BONO | V112: NO
A113: 14109738 | B113: DIAZ DE SANDI DIAZ MARTIN ALEJANDRO | C113: 2022-02-23 | D113: LIPU | E113: SIN SINIESTRO | F113: SIN QUEJA | G113: 90 | H113: OK | I113: OK | J113: NO LOGUEO | K113: 134.18 | L113: 134.18 | N113: 200 | O113: 0 | S113: 468.36 | U113: BONO | V113: NO
A114: 14109748 | B114: RUIZ JARA OCTAVIO JAVIER | C114: 2022-02-25 | D114: LIPU | E114: SIN SINIESTRO | F114: SIN QUEJA | G114: 92 | H114: OK | I114: OK | J114: LOGUEO | K114: 134.18 | L114: 134.18 | N114: 200 | O114: 177.44 | S114: 645.8 | U114: BONO | V114: NO
A115: 14109802 | B115: AGUILERA MEDRANO VICTOR MANUEL | C115: 2022-03-09 | D115: LIPU | E115: SIN SINIESTRO | F115: SIN QUEJA | G115: 94 | H115: OK | I115: NO | J115: LOGUEO | K115: 134.18 | L115: 134.18 | N115: 0 | O115: 0 | S115: 268.36 | U115: BONO | V115: NO
A116: 14109808 | B116: VILLANUEVA LOPEZ SANTIAGO | C116: 2022-03-10 | D116: LIPU | E116: SIN SINIESTRO | F116: SIN QUEJA | G116: 95 | H116: OK | I116: OK | J116: NO LOGUEO | K116: 0 | L116: 0 | N116: 0 | O116: 0 | S116: 0 | U116: NO | V116: NO
A117: 14109874 | B117: AQUINO PUGA SEBASTIAN ANTONIO | C117: 2022-03-25 | D117: LIPU | E117: SIN SINIESTRO | F117: SIN QUEJA | G117: 80 | H117: NO | I117: OK | J117: NO LOGUEO | K117: 134.18 | L117: 134.18 | N117: 0 | O117: 0 | S117: 268.36 | U117: BONO | V117: NO
A118: 14109948 | B118: DIAZ MARTINEZ ERNESTO | C118: 2024-07-11 | D118: LIPU | E118: SIN SINIESTRO | F118: SIN QUEJA | G118: 80 | H118: NO | I118: NO | J118: NO LOGUEO | K118: 134.18 | L118: 134.18 | N118: 0 | O118: 0 | S118: 268.36 | U118: BONO | V118: NO
A119: 14110039 | B119: VACA BRAVO CARLOS GONZALO | C119: 2022-04-25 | D119: LIPU | E119: SIN SINIESTRO | F119: SIN QUEJA | G119: 94 | H119: OK | I119: NO | J119: LOGUEO | K119: 134.18 | L119: 134.18 | N119: 0 | O119: 0 | S119: 268.36 | U119: BONO | V119: NO
...

Sheet CONSULTA
B1: NÓMINA
B2: 14100714
B3: NOMBRE | C3: =IFERROR(VLOOKUP(CONSULTA!$B$2,BONOS!$A$6:$BM$650,$H3,FALSE),"") -> RAMIREZ RODRIGUEZ JESUS | H3: =IFERROR(MATCH("NOMBRE ",BONOS!$A$6:$BM$6,0),"") -> 2
B4: SINIESTROS | C4: =IFERROR(VLOOKUP(CONSULTA!$B$2,BONOS!$A$6:$BM$650,$D4,FALSE),"") -> SIN SINIESTRO | D4: =IFERROR(MATCH("SINIESTROS",BONOS!$A$6:$BM$6,0),"") -> 5 | E4: BONO DE SCORE | G4: =IFERROR(VLOOKUP(CONSULTA!$B$2,BONOS!$A$6:$BM$650,$H4,FALSE),"") -> OK | H4: =IFERROR(MATCH("BONO SCORE",BONOS!$A$6:$BM$6,0),"") -> 8
B5: QUEJAS | C5: =IFERROR(VLOOKUP(CONSULTA!$B$2,BONOS!$A$6:$BM$650,$D5,FALSE),"") -> SIN QUEJA | D5: =IFERROR(MATCH("QUEJAS",BONOS!$A$6:$BM$6,0),"") -> 6 | E5: PUNTUALIDAD | G5: =IFERROR(VLOOKUP(CONSULTA!$B$2,BONOS!$A$6:$BM$650,$H5,FALSE),"") -> OK | H5: =IFERROR(MATCH("PUNTUALIDAD",BONOS!$A$6:$BM$6,0),"") -> 9
B6: SCORE OBTENIDO | C6: =IFERROR(VLOOKUP(CONSULTA!$B$2,BONOS!$A$6:$BM$650,$D6,FALSE),"") -> 95 | D6: =IFERROR(MATCH("SCORE OBTENIDO",BONOS!$A$6:$BM$6,0),"") -> 7 | E6: BONO LOGUEO | G6: =IFERROR(VLOOKUP(CONSULTA!$B$2,BONOS!$A$6:$BM$650,$H6,FALSE),"") -> LOGUEO | H6: =IFERROR(MATCH("BONO LOGUEO",BONOS!$A$6:$BM$6,0),"") -> 10
B8: RENDIMEINTO META | C8: =IFERROR(VLOOKUP(CONSULTA!$B$2,RENDIMIENTO!$A$2:$BM$650,$D8,FALSE),"") -> 3.5126734 | D8: =IFERROR(MATCH("META",RENDIMIENTO!$A$2:$BM$2,0),"") -> 5 | E8: BONO 0 SINIESTROS | G8: =IFERROR(VLOOKUP(CONSULTA!$B$2,BONOS!$A$6:$BM$650,$H8,FALSE),"") -> 134.18 | H8: =IFERROR(MATCH("BONO SINIESTROS",BONOS!$A$6:$BM$6,0),"") -> 11
B9: REDIMIENTO OBTENIDO | C9: =IFERROR(VLOOKUP(CONSULTA!$B$2,RENDIMIENTO!$A$2:$BM$650,$D9,FALSE),"") -> 3.5967005 | D9: =IFERROR(MATCH("REDIMIENTO OBTENIDO ",RENDIMIENTO!$A$2:$BM$2,0),"") -> 6 | E9: BONO 0 QUEJAS | G9: =IFERROR(VLOOKUP(CONSULTA!$B$2,BONOS!$A$6:$BM$650,$H9,FALSE),"") -> 134.18 | H9: =IFERROR(MATCH("BONO QUEJAS",BONOS!$A$6:$BM$6,0),"") -> 12
B10: SEMANA 34 | E10: BONO SCORE | G10: =IFERROR(VLOOKUP(CONSULTA!$B$2,BONOS!$A$6:$BM$650,$H10,FALSE),"") -> 200 | H10: =IFERROR(MATCH("BONO SCORE1",BONOS!$A$6:$BM$6,0),"") -> 14
E11: BONO LOGUEO | G11: =IFERROR(VLOOKUP(CONSULTA!$B$2,BONOS!$A$6:$BM$650,$H11,FALSE),"") -> 177.44 | H11: =IFERROR(MATCH("BONO LOGUEO1",BONOS!$A$6:$BM$6,0),"") -> 15
E12: BONO RENDIMIENTO | G12: =IFERROR(VLOOKUP(CONSULTA!$B$2,RENDIMIENTO!$A$2:$BM$650,$H12,FALSE),"") -> 355.58 | H12: =IFERROR(MATCH("TOTAL A PAGAR ",RENDIMIENTO!$A$2:$BM$2,0),"") -> 7
E14: TOTAL BONO DESEMPEÑO | G14: =IFERROR(VLOOKUP(CONSULTA!$B$2,BONOS!$A$6:$BM$650,$H14,FALSE),"") -> 645.8 | H14: =IFERROR(MATCH("TOTAL B.DESEMPEÑO ",BONOS!$A$6:$BM$6,0),"") -> 19
B17: Este documento es de carácter informativo. Su contenido carece de valor oficial, por lo que de requerir su “recibo de nómina”, favor de solicitarlo en oficinas de Transportes LIPU.
